Source type,Source PrimaryKey,Target Type,Target PrimaryKey,Relationship Type
Operations Request,0125074001001,Segment Requirement,SR_0125074001001,isMadeUpOfRequirement
Operations Request,0124789001001,Segment Requirement,SR_0124789001001,isMadeUpOfRequirement
Operations Request,0124874001001,Segment Requirement,SR_0124874001001,isMadeUpOfRequirement
Operations Request,0125264001001,Segment Requirement,SR_0125264001001,isMadeUpOfRequirement
Operations Request,0125264001001,Segment Requirement,SR_0125264001001_001,isMadeUpOfRequirement
Operations Request,0124393001001,Segment Requirement,SR_0124393001001,isMadeUpOfRequirement
Operations Request,0125309001001,Segment Requirement,SR_0125309001001,isMadeUpOfRequirement
Operations Request,0125346001001,Segment Requirement,SR_0125346001001,isMadeUpOfRequirement
Operations Request,0125346001001,Segment Requirement,SR_0125346001001_001,isMadeUpOfRequirement
Operations Request,0125269001001,Segment Requirement,SR_0125269001001,isMadeUpOfRequirement
Operations Request,0125459001001,Segment Requirement,SR_0125459001001,isMadeUpOfRequirement
Operations Request,0125263001001,Segment Requirement,SR_0125263001001,isMadeUpOfRequirement
Operations Request,0125304001001,Segment Requirement,SR_0125304001001,isMadeUpOfRequirement
Operations Request,0125541001001,Segment Requirement,SR_0125541001001,isMadeUpOfRequirement
Operations Request,0125365001001,Segment Requirement,SR_0125365001001,isMadeUpOfRequirement
Operations Request,0125539001001,Segment Requirement,SR_0125539001001,isMadeUpOfRequirement
Operations Request,0125623001001,Segment Requirement,SR_0125623001001,isMadeUpOfRequirement
Operations Request,0125142001001,Segment Requirement,SR_0125142001001,isMadeUpOfRequirement
Operations Request,0124631001001,Segment Requirement,SR_0124631001001,isMadeUpOfRequirement
Operations Request,0124721001001,Segment Requirement,SR_0124721001001,isMadeUpOfRequirement
Operations Request,0124706001001,Segment Requirement,SR_0124706001001,isMadeUpOfRequirement
Operations Request,0124773001001,Segment Requirement,SR_0124773001001,isMadeUpOfRequirement
Operations Request,0123672001001,Segment Requirement,SR_0123672001001,isMadeUpOfRequirement
Operations Request,0124633001001,Segment Requirement,SR_0124633001001,isMadeUpOfRequirement
Operations Request,0124707001001,Segment Requirement,SR_0124707001001,isMadeUpOfRequirement
Operations Request,0124447001001,Segment Requirement,SR_0124447001001,isMadeUpOfRequirement
Operations Request,0124319001001,Segment Requirement,SR_0124319001001,isMadeUpOfRequirement
Operations Request,0125155001001,Segment Requirement,SR_0125155001001,isMadeUpOfRequirement
Operations Request,0125155001001,Segment Requirement,SR_0125155001001_001,isMadeUpOfRequirement
Operations Request,0125018001001,Segment Requirement,SR_0125018001001,isMadeUpOfRequirement
Operations Request,0124452001001,Segment Requirement,SR_0124452001001,isMadeUpOfRequirement
Operations Request,0127469001001,Segment Requirement,SR_0127469001001,isMadeUpOfRequirement
Operations Request,0127308001001,Segment Requirement,SR_0127308001001,isMadeUpOfRequirement
Operations Request,0127242001001,Segment Requirement,SR_0127242001001,isMadeUpOfRequirement
Operations Request,0126394001001,Segment Requirement,SR_0126394001001,isMadeUpOfRequirement
Operations Request,0126800001001,Segment Requirement,SR_0126800001001,isMadeUpOfRequirement
Operations Request,0126445001001,Segment Requirement,SR_0126445001001,isMadeUpOfRequirement
Operations Request,0125108001001,Segment Requirement,SR_0125108001001,isMadeUpOfRequirement
Operations Request,0125108001001,Segment Requirement,SR_0125108001001_001,isMadeUpOfRequirement
Operations Request,0124710001001,Segment Requirement,SR_0124710001001,isMadeUpOfRequirement
Operations Request,0125494001001,Segment Requirement,SR_0125494001001,isMadeUpOfRequirement
Operations Request,0125345001001,Segment Requirement,SR_0125345001001,isMadeUpOfRequirement
Operations Request,0125345001001,Segment Requirement,SR_0125345001001_001,isMadeUpOfRequirement
Operations Request,0124870001001,Segment Requirement,SR_0124870001001,isMadeUpOfRequirement
Operations Request,0124451001001,Segment Requirement,SR_0124451001001,isMadeUpOfRequirement
Operations Request,0124671001001,Segment Requirement,SR_0124671001001,isMadeUpOfRequirement
Operations Request,0125077001001,Segment Requirement,SR_0125077001001,isMadeUpOfRequirement
Operations Request,0125121001001,Segment Requirement,SR_0125121001001_001,isMadeUpOfRequirement
Operations Request,0124704001001,Segment Requirement,SR_0124704001001,isMadeUpOfRequirement
Operations Request,0124834001001,Segment Requirement,SR_0124834001001,isMadeUpOfRequirement
Operations Request,0125153001001,Segment Requirement,SR_0125153001001,isMadeUpOfRequirement
Operations Request,0125153001001,Segment Requirement,SR_0125153001001_001,isMadeUpOfRequirement
Operations Request,0125465001001,Segment Requirement,SR_0125465001001,isMadeUpOfRequirement
Operations Request,0125465001001,Segment Requirement,SR_0125465001001_001,isMadeUpOfRequirement
Operations Request,0124670001001,Segment Requirement,SR_0124670001001,isMadeUpOfRequirement
Operations Request,0124405001001,Segment Requirement,SR_0124405001001,isMadeUpOfRequirement
Operations Request,0125368001001,Segment Requirement,SR_0125368001001,isMadeUpOfRequirement
Operations Request,0125368001001,Segment Requirement,SR_0125368001001_001,isMadeUpOfRequirement
Operations Request,0124496001001,Segment Requirement,SR_0124496001001,isMadeUpOfRequirement
Operations Request,0124703001001,Segment Requirement,SR_0124703001001,isMadeUpOfRequirement
Operations Request,0125120001001,Segment Requirement,SR_0125120001001,isMadeUpOfRequirement
Operations Request,0125021001001,Segment Requirement,SR_0125021001001,isMadeUpOfRequirement
Operations Request,0126994001001,Segment Requirement,SR_0126994001001,isMadeUpOfRequirement
Operations Request,0125740001001,Segment Requirement,SR_0125740001001,isMadeUpOfRequirement
Operations Request,0125564001001,Segment Requirement,SR_0125564001001,isMadeUpOfRequirement
Operations Request,0125200001001,Segment Requirement,SR_0125200001001,isMadeUpOfRequirement
Operations Request,0124869001001,Segment Requirement,SR_0124869001001,isMadeUpOfRequirement
Operations Request,0126668001001,Segment Requirement,SR_0126668001001,isMadeUpOfRequirement
Operations Request,0125667001001,Segment Requirement,SR_0125667001001,isMadeUpOfRequirement
Operations Request,0125791001001,Segment Requirement,SR_0125791001001,isMadeUpOfRequirement
Operations Request,0126066001001,Segment Requirement,SR_0126066001001,isMadeUpOfRequirement
Operations Request,0126207001001,Segment Requirement,SR_0126207001001,isMadeUpOfRequirement
Operations Request,0125854001001,Segment Requirement,SR_0125854001001,isMadeUpOfRequirement
Operations Request,0125857001001,Segment Requirement,SR_0125857001001,isMadeUpOfRequirement
Operations Request,0124449001001,Segment Requirement,SR_0124449001001,isMadeUpOfRequirement
Operations Request,0125266001001,Segment Requirement,SR_0125266001001,isMadeUpOfRequirement
Operations Request,0125266001001,Segment Requirement,SR_0125266001001_001,isMadeUpOfRequirement
Operations Request,0125307001001,Segment Requirement,SR_0125307001001,isMadeUpOfRequirement
Operations Request,0125307001001,Segment Requirement,SR_0125307001001_001,isMadeUpOfRequirement
Operations Request,0125198001001,Segment Requirement,SR_0125198001001,isMadeUpOfRequirement
Operations Request,0125198001001,Segment Requirement,SR_0125198001001_001,isMadeUpOfRequirement
Operations Request,0124871001001,Segment Requirement,SR_0124871001001,isMadeUpOfRequirement
Operations Request,0124634001001,Segment Requirement,SR_0124634001001,isMadeUpOfRequirement
Operations Request,0125094001001,Segment Requirement,SR_0125094001001,isMadeUpOfRequirement
Operations Request,0125265001001,Segment Requirement,SR_0125265001001,isMadeUpOfRequirement
Operations Request,0125785001001,Segment Requirement,SR_0125785001001,isMadeUpOfRequirement
Operations Request,0125154001001,Segment Requirement,SR_0125154001001,isMadeUpOfRequirement
Operations Request,0125579001001,Segment Requirement,SR_0125579001001,isMadeUpOfRequirement
Operations Request,0125742001001,Segment Requirement,SR_0125742001001,isMadeUpOfRequirement
Operations Request,0125322001001,Segment Requirement,SR_0125322001001,isMadeUpOfRequirement
Operations Request,0125322001001,Segment Requirement,SR_0125322001001_001,isMadeUpOfRequirement
Operations Request,0125456001001,Segment Requirement,SR_0125456001001,isMadeUpOfRequirement
Operations Request,0125456001001,Segment Requirement,SR_0125456001001_001,isMadeUpOfRequirement
Operations Request,0125308001001,Segment Requirement,SR_0125308001001,isMadeUpOfRequirement
Operations Request,0125308001001,Segment Requirement,SR_0125308001001_001,isMadeUpOfRequirement
Operations Request,0125548001001,Segment Requirement,SR_0125548001001,isMadeUpOfRequirement
Operations Request,0125461001001,Segment Requirement,SR_0125461001001,isMadeUpOfRequirement
Operations Request,0125461001001,Segment Requirement,SR_0125461001001_001,isMadeUpOfRequirement
Operations Request,0125790001001,Segment Requirement,SR_0125790001001,isMadeUpOfRequirement
Operations Request,0125672001001,Segment Requirement,SR_0125672001001,isMadeUpOfRequirement
Operations Request,0126728001001,Segment Requirement,SR_0126728001001,isMadeUpOfRequirement
Operations Request,0126806001001,Segment Requirement,SR_0126806001001,isMadeUpOfRequirement
Operations Request,0124322001001,Segment Requirement,SR_0124322001001,isMadeUpOfRequirement
Operations Request,0124446001001,Segment Requirement,SR_0124446001001,isMadeUpOfRequirement
Operations Request,0127186001001,Segment Requirement,SR_0127186001001,isMadeUpOfRequirement
Operations Request,0126037001001,Segment Requirement,SR_0126037001001,isMadeUpOfRequirement
Operations Request,0126347001001,Segment Requirement,SR_0126347001001,isMadeUpOfRequirement
Operations Request,0125190001001,Segment Requirement,SR_0125190001001,isMadeUpOfRequirement
Operations Request,0124603001001,Segment Requirement,SR_0124603001001,isMadeUpOfRequirement
Operations Request,0125019001001,Segment Requirement,SR_0125019001001,isMadeUpOfRequirement
Operations Request,0126273001001,Segment Requirement,SR_0126273001001,isMadeUpOfRequirement
Operations Request,0124923001001,Segment Requirement,SR_0124923001001,isMadeUpOfRequirement
Operations Request,0125000001001,Segment Requirement,SR_0125000001001,isMadeUpOfRequirement
Operations Request,0124872001001,Segment Requirement,SR_0124872001001,isMadeUpOfRequirement
Operations Request,0124557001001,Segment Requirement,SR_0124557001001,isMadeUpOfRequirement
Operations Request,0124785001001,Segment Requirement,SR_0124785001001,isMadeUpOfRequirement
Operations Request,0124582001001,Segment Requirement,SR_0124582001001,isMadeUpOfRequirement
Operations Request,0124669001001,Segment Requirement,SR_0124669001001,isMadeUpOfRequirement
Operations Request,0126669001001,Segment Requirement,SR_0126669001001,isMadeUpOfRequirement
Operations Request,0124632001001,Segment Requirement,SR_0124632001001,isMadeUpOfRequirement
Operations Request,0126665001001,Segment Requirement,SR_0126665001001,isMadeUpOfRequirement
Operations Request,0126996001001,Segment Requirement,SR_0126996001001,isMadeUpOfRequirement
Operations Request,0124851001001,Segment Requirement,SR_0124851001001,isMadeUpOfRequirement
Operations Request,0124705001001,Segment Requirement,SR_0124705001001,isMadeUpOfRequirement
Operations Request,0124786001001,Segment Requirement,SR_0124786001001,isMadeUpOfRequirement
Operations Request,0125352001001,Segment Requirement,SR_0125352001001,isMadeUpOfRequirement
Operations Request,0125352001001,Segment Requirement,SR_0125352001001_001,isMadeUpOfRequirement
Operations Request,0124497001001,Segment Requirement,SR_0124497001001,isMadeUpOfRequirement
Operations Request,0124854001001,Segment Requirement,SR_0124854001001,isMadeUpOfRequirement
Operations Request,0125745001001,Segment Requirement,SR_0125745001001,isMadeUpOfRequirement
Operations Request,0126618001001,Segment Requirement,SR_0126618001001,isMadeUpOfRequirement
Operations Request,0126549001001,Segment Requirement,SR_0126549001001,isMadeUpOfRequirement
Operations Request,0126281001001,Segment Requirement,SR_0126281001001,isMadeUpOfRequirement
Operations Request,0126547001001,Segment Requirement,SR_0126547001001,isMadeUpOfRequirement
Operations Request,0126836001001,Segment Requirement,SR_0126836001001,isMadeUpOfRequirement
Operations Request,0125789001001,Segment Requirement,SR_0125789001001,isMadeUpOfRequirement
Operations Request,0125957001001,Segment Requirement,SR_0125957001001,isMadeUpOfRequirement
Operations Request,0125545001001,Segment Requirement,SR_0125545001001,isMadeUpOfRequirement
Operations Request,0126203001001,Segment Requirement,SR_0126203001001,isMadeUpOfRequirement
Operations Request,0126959001001,Segment Requirement,SR_0126959001001,isMadeUpOfRequirement
Operations Request,0126285001001,Segment Requirement,SR_0126285001001,isMadeUpOfRequirement
Operations Request,0126615001001,Segment Requirement,SR_0126615001001,isMadeUpOfRequirement
Operations Request,0125089001001,Segment Requirement,SR_0125089001001,isMadeUpOfRequirement
Operations Request,0125197001001,Segment Requirement,SR_0125197001001,isMadeUpOfRequirement
Operations Request,0124855001001,Segment Requirement,SR_0124855001001,isMadeUpOfRequirement
Operations Request,0125787001001,Segment Requirement,SR_0125787001001,isMadeUpOfRequirement
Operations Request,0125463001001,Segment Requirement,SR_0125463001001,isMadeUpOfRequirement
Operations Request,0125578001001,Segment Requirement,SR_0125578001001,isMadeUpOfRequirement
Operations Request,0125301001001,Segment Requirement,SR_0125301001001,isMadeUpOfRequirement
Operations Request,0125301001001,Segment Requirement,SR_0125301001001_001,isMadeUpOfRequirement
Operations Request,0125538001001,Segment Requirement,SR_0125538001001,isMadeUpOfRequirement
Operations Request,0126399001001,Segment Requirement,SR_0126399001001,isMadeUpOfRequirement
Operations Request,0126544001001,Segment Requirement,SR_0126544001001,isMadeUpOfRequirement
Operations Request,0126284001001,Segment Requirement,SR_0126284001001,isMadeUpOfRequirement
Operations Request,0124836001001,Segment Requirement,SR_0124836001001,isMadeUpOfRequirement
Operations Request,0125109001001,Segment Requirement,SR_0125109001001,isMadeUpOfRequirement
Operations Request,0125109001001,Segment Requirement,SR_0125109001001_001,isMadeUpOfRequirement
Operations Request,0125583001001,Segment Requirement,SR_0125583001001,isMadeUpOfRequirement
Operations Request,0124999001001,Segment Requirement,SR_0124999001001,isMadeUpOfRequirement
Operations Request,0124494001001,Segment Requirement,SR_0124494001001,isMadeUpOfRequirement
Operations Request,0125093001001,Segment Requirement,SR_0125093001001,isMadeUpOfRequirement
Operations Request,0124556001001,Segment Requirement,SR_0124556001001,isMadeUpOfRequirement
Operations Request,0124591001001,Segment Requirement,SR_0124591001001,isMadeUpOfRequirement
Operations Request,0125303001001,Segment Requirement,SR_0125303001001,isMadeUpOfRequirement
Operations Request,0125516001001,Segment Requirement,SR_0125516001001,isMadeUpOfRequirement
Operations Request,0125348001001,Segment Requirement,SR_0125348001001,isMadeUpOfRequirement
Operations Request,0125348001001,Segment Requirement,SR_0125348001001_001,isMadeUpOfRequirement
Operations Request,0127311001001,Segment Requirement,SR_0127311001001,isMadeUpOfRequirement
Operations Request,0125860001001,Segment Requirement,SR_0125860001001,isMadeUpOfRequirement
Operations Request,0125267001001,Segment Requirement,SR_0125267001001,isMadeUpOfRequirement
Operations Request,0125267001001,Segment Requirement,SR_0125267001001_001,isMadeUpOfRequirement
Operations Request,0125457001001,Segment Requirement,SR_0125457001001,isMadeUpOfRequirement
Operations Request,0125457001001,Segment Requirement,SR_0125457001001_001,isMadeUpOfRequirement
Operations Request,0125305001001,Segment Requirement,SR_0125305001001,isMadeUpOfRequirement
Operations Request,0125305001001,Segment Requirement,SR_0125305001001_001,isMadeUpOfRequirement
Operations Request,0125347001001,Segment Requirement,SR_0125347001001,isMadeUpOfRequirement
Operations Request,0125347001001,Segment Requirement,SR_0125347001001_001,isMadeUpOfRequirement
Operations Request,0127347001001,Segment Requirement,SR_0127347001001,isMadeUpOfRequirement
Operations Request,0127182001001,Segment Requirement,SR_0127182001001,isMadeUpOfRequirement
Operations Request,0125321001001,Segment Requirement,SR_0125321001001,isMadeUpOfRequirement
Operations Request,0126804001001,Segment Requirement,SR_0126804001001,isMadeUpOfRequirement
Operations Request,0126957001001,Segment Requirement,SR_0126957001001,isMadeUpOfRequirement
Operations Request,0126935001001,Segment Requirement,SR_0126935001001,isMadeUpOfRequirement
Operations Request,0127349001001,Segment Requirement,SR_0127349001001,isMadeUpOfRequirement
Operations Request,0126802001001,Segment Requirement,SR_0126802001001,isMadeUpOfRequirement
Operations Request,0127084001001,Segment Requirement,SR_0127084001001,isMadeUpOfRequirement
Operations Request,0124533001001,Segment Requirement,SR_0124533001001,isMadeUpOfRequirement
Operations Request,0124555001001,Segment Requirement,SR_0124555001001,isMadeUpOfRequirement
Operations Request,0124730001001,Segment Requirement,SR_0124730001001,isMadeUpOfRequirement
Operations Request,0124495001001,Segment Requirement,SR_0124495001001,isMadeUpOfRequirement
Operations Request,0124595001001,Segment Requirement,SR_0124595001001,isMadeUpOfRequirement
Operations Request,0124558001001,Segment Requirement,SR_0124558001001,isMadeUpOfRequirement
Operations Request,0124397001001,Segment Requirement,SR_0124397001001,isMadeUpOfRequirement
Operations Request,0125462001001,Segment Requirement,SR_0125462001001,isMadeUpOfRequirement
Operations Request,0125462001001,Segment Requirement,SR_0125462001001_001,isMadeUpOfRequirement
Operations Request,0125464001001,Segment Requirement,SR_0125464001001,isMadeUpOfRequirement
Operations Request,0125464001001,Segment Requirement,SR_0125464001001_001,isMadeUpOfRequirement
Operations Request,0125624001001,Segment Requirement,SR_0125624001001,isMadeUpOfRequirement
Operations Request,0124559001001,Segment Requirement,SR_0124559001001,isMadeUpOfRequirement
Operations Request,0124594001001,Segment Requirement,SR_0124594001001,isMadeUpOfRequirement
Operations Request,0124500001001,Segment Requirement,SR_0124500001001,isMadeUpOfRequirement
Operations Request,0127046001001,Segment Requirement,SR_0127046001001,isMadeUpOfRequirement
Operations Request,0126801001001,Segment Requirement,SR_0126801001001,isMadeUpOfRequirement
Operations Request,0126955001001,Segment Requirement,SR_0126955001001,isMadeUpOfRequirement
Operations Request,0126673001001,Segment Requirement,SR_0126673001001,isMadeUpOfRequirement
Operations Request,0126805001001,Segment Requirement,SR_0126805001001,isMadeUpOfRequirement
Operations Request,0124396001001,Segment Requirement,SR_0124396001001,isMadeUpOfRequirement
Operations Request,0124656001001,Segment Requirement,SR_0124656001001,isMadeUpOfRequirement
Operations Request,0124404001001,Segment Requirement,SR_0124404001001,isMadeUpOfRequirement
Operations Request,0127427001001,Segment Requirement,SR_0127427001001,isMadeUpOfRequirement
Operations Request,0124450001001,Segment Requirement,SR_0124450001001,isMadeUpOfRequirement
Operations Request,0126039001001,Segment Requirement,SR_0126039001001,isMadeUpOfRequirement
Operations Request,0124454001001,Segment Requirement,SR_0124454001001,isMadeUpOfRequirement
Operations Request,0125196001001,Segment Requirement,SR_0125196001001,isMadeUpOfRequirement
Operations Request,0127309001001,Segment Requirement,SR_0127309001001,isMadeUpOfRequirement
Operations Request,0127048001001,Segment Requirement,SR_0127048001001,isMadeUpOfRequirement
Operations Request,0127240001001,Segment Requirement,SR_0127240001001,isMadeUpOfRequirement
Operations Request,0125739001001,Segment Requirement,SR_0125739001001,isMadeUpOfRequirement
Operations Request,0126845001001,Segment Requirement,SR_0126845001001,isMadeUpOfRequirement
Operations Request,0127429001001,Segment Requirement,SR_0127429001001,isMadeUpOfRequirement
Operations Request,0126671001001,Segment Requirement,SR_0126671001001,isMadeUpOfRequirement
Operations Request,0127307001001,Segment Requirement,SR_0127307001001,isMadeUpOfRequirement
Operations Request,0124534001001,Segment Requirement,SR_0124534001001,isMadeUpOfRequirement
Operations Request,0124448001001,Segment Requirement,SR_0124448001001,isMadeUpOfRequirement
Operations Request,0127428001001,Segment Requirement,SR_0127428001001,isMadeUpOfRequirement
Operations Request,0125349001001,Segment Requirement,SR_0125349001001,isMadeUpOfRequirement
Operations Request,0125349001001,Segment Requirement,SR_0125349001001_001,isMadeUpOfRequirement
Operations Request,0124391001001,Segment Requirement,SR_0124391001001,isMadeUpOfRequirement
Operations Request,0126992001001,Segment Requirement,SR_0126992001001,isMadeUpOfRequirement
Operations Request,0126841001001,Segment Requirement,SR_0126841001001,isMadeUpOfRequirement
Operations Request,0126798001001,Segment Requirement,SR_0126798001001,isMadeUpOfRequirement
Operations Request,0126542001001,Segment Requirement,SR_0126542001001,isMadeUpOfRequirement
Operations Request,0126844001001,Segment Requirement,SR_0126844001001,isMadeUpOfRequirement
Operations Request,0124453001001,Segment Requirement,SR_0124453001001,isMadeUpOfRequirement
Operations Request,0125793001001,Segment Requirement,SR_0125793001001,isMadeUpOfRequirement
Operations Request,0124045001001,Segment Requirement,SR_0124045001001,isMadeUpOfRequirement
Operations Request,0124579001001,Segment Requirement,SR_0124579001001,isMadeUpOfRequirement
Operations Request,0124596001001,Segment Requirement,SR_0124596001001,isMadeUpOfRequirement
Operations Request,0124590001001,Segment Requirement,SR_0124590001001,isMadeUpOfRequirement
Operations Request,0124711001001,Segment Requirement,SR_0124711001001,isMadeUpOfRequirement
Operations Request,0125199001001,Segment Requirement,SR_0125199001001,isMadeUpOfRequirement
Operations Request,0125199001001,Segment Requirement,SR_0125199001001_001,isMadeUpOfRequirement
Operations Request,0127430001001,Segment Requirement,SR_0127430001001,isMadeUpOfRequirement
Operations Request,0125493001001,Segment Requirement,SR_0125493001001,isMadeUpOfRequirement
Operations Request,0125302001001,Segment Requirement,SR_0125302001001,isMadeUpOfRequirement
Operations Request,0126195001001,Segment Requirement,SR_0126195001001,isMadeUpOfRequirement
Operations Request,0124668001001,Segment Requirement,SR_0124668001001,isMadeUpOfRequirement
Operations Request,0124720001001,Segment Requirement,SR_0124720001001,isMadeUpOfRequirement
Operations Request,0125087001001,Segment Requirement,SR_0125087001001,isMadeUpOfRequirement
Operations Request,0126766001001,Segment Requirement,SR_0126766001001,isMadeUpOfRequirement
Operations Request,0125858001001,Segment Requirement,SR_0125858001001,isMadeUpOfRequirement
Operations Request,0125547001001,Segment Requirement,SR_0125547001001,isMadeUpOfRequirement
Operations Request,0126099001001,Segment Requirement,SR_0126099001001,isMadeUpOfRequirement
Operations Request,0125955001001,Segment Requirement,SR_0125955001001,isMadeUpOfRequirement
Operations Request,0125668001001,Segment Requirement,SR_0125668001001,isMadeUpOfRequirement
Operations Request,0125543001001,Segment Requirement,SR_0125543001001,isMadeUpOfRequirement
Operations Request,0125856001001,Segment Requirement,SR_0125856001001,isMadeUpOfRequirement
Operations Request,0127118001001,Segment Requirement,SR_0127118001001,isMadeUpOfRequirement
Operations Request,0125270001001,Segment Requirement,SR_0125270001001,isMadeUpOfRequirement
Operations Request,0125540001001,Segment Requirement,SR_0125540001001,isMadeUpOfRequirement
Operations Request,0126956001001,Segment Requirement,SR_0126956001001,isMadeUpOfRequirement
Operations Request,0126917001001,Segment Requirement,SR_0126917001001,isMadeUpOfRequirement
Operations Request,0125577001001,Segment Requirement,SR_0125577001001,isMadeUpOfRequirement
Operations Request,0126067001001,Segment Requirement,SR_0126067001001,isMadeUpOfRequirement
Operations Request,0125674001001,Segment Requirement,SR_0125674001001,isMadeUpOfRequirement
Operations Request,0125544001001,Segment Requirement,SR_0125544001001,isMadeUpOfRequirement
Operations Request,0126345001001,Segment Requirement,SR_0126345001001,isMadeUpOfRequirement
Operations Request,0125786001001,Segment Requirement,SR_0125786001001,isMadeUpOfRequirement
Operations Request,0126091001001,Segment Requirement,SR_0126091001001,isMadeUpOfRequirement
Operations Request,0125306001001,Segment Requirement,SR_0125306001001,isMadeUpOfRequirement
Operations Request,0125306001001,Segment Requirement,SR_0125306001001_001,isMadeUpOfRequirement
Operations Request,0125948001001,Segment Requirement,SR_0125948001001,isMadeUpOfRequirement
Operations Request,0127231001001,Segment Requirement,SR_0127231001001,isMadeUpOfRequirement
Operations Request,0127121001001,Segment Requirement,SR_0127121001001,isMadeUpOfRequirement
Operations Request,0126619001001,Segment Requirement,SR_0126619001001,isMadeUpOfRequirement
Operations Request,0126398001001,Segment Requirement,SR_0126398001001,isMadeUpOfRequirement
Operations Request,0127184001001,Segment Requirement,SR_0127184001001,isMadeUpOfRequirement
Operations Request,0126813001001,Segment Requirement,SR_0126813001001,isMadeUpOfRequirement
Operations Request,0126954001001,Segment Requirement,SR_0126954001001,isMadeUpOfRequirement
Operations Request,0126343001001,Segment Requirement,SR_0126343001001,isMadeUpOfRequirement
Operations Request,0125669001001,Segment Requirement,SR_0125669001001,isMadeUpOfRequirement
Operations Request,0126397001001,Segment Requirement,SR_0126397001001,isMadeUpOfRequirement
Operations Request,0126390001001,Segment Requirement,SR_0126390001001,isMadeUpOfRequirement
Operations Request,0125661001001,Segment Requirement,SR_0125661001001,isMadeUpOfRequirement
Operations Request,0125855001001,Segment Requirement,SR_0125855001001,isMadeUpOfRequirement
Operations Request,0125671001001,Segment Requirement,SR_0125671001001,isMadeUpOfRequirement
Operations Request,0127239001001,Segment Requirement,SR_0127239001001,isMadeUpOfRequirement
Operations Request,0126839001001,Segment Requirement,SR_0126839001001,isMadeUpOfRequirement
Operations Request,0127066001001,Segment Requirement,SR_0127066001001,isMadeUpOfRequirement
Operations Request,0127123001001,Segment Requirement,SR_0127123001001,isMadeUpOfRequirement
Operations Request,0126392001001,Segment Requirement,SR_0126392001001,isMadeUpOfRequirement
Operations Request,0126206001001,Segment Requirement,SR_0126206001001,isMadeUpOfRequirement
Operations Request,0125366001001,Segment Requirement,SR_0125366001001,isMadeUpOfRequirement
Operations Request,0125455001001,Segment Requirement,SR_0125455001001,isMadeUpOfRequirement
Operations Request,0125455001001,Segment Requirement,SR_0125455001001_001,isMadeUpOfRequirement
Operations Request,0125366001001,Segment Requirement,SR_0125366001001_001,isMadeUpOfRequirement
Operations Request,0125460001001,Segment Requirement,SR_0125460001001,isMadeUpOfRequirement
Operations Request,0125370001001,Segment Requirement,SR_0125370001001,isMadeUpOfRequirement
Operations Request,0125370001001,Segment Requirement,SR_0125370001001_001,isMadeUpOfRequirement
Operations Request,0125323001001,Segment Requirement,SR_0125323001001,isMadeUpOfRequirement
Operations Request,0125111001001,Segment Requirement,SR_0125111001001,isMadeUpOfRequirement
Operations Request,0125111001001,Segment Requirement,SR_0125111001001_001,isMadeUpOfRequirement
Operations Request,0125458001001,Segment Requirement,SR_0125458001001,isMadeUpOfRequirement
Operations Request,0125458001001,Segment Requirement,SR_0125458001001_001,isMadeUpOfRequirement
Operations Request,0125723001001,Segment Requirement,SR_0125723001001,isMadeUpOfRequirement
Operations Request,0126092001001,Segment Requirement,SR_0126092001001,isMadeUpOfRequirement
Operations Request,0126541001001,Segment Requirement,SR_0126541001001,isMadeUpOfRequirement
Operations Request,0125344001001,Segment Requirement,SR_0125344001001,isMadeUpOfRequirement
Operations Request,0125344001001,Segment Requirement,SR_0125344001001_001,isMadeUpOfRequirement
Operations Request,0126993001001,Segment Requirement,SR_0126993001001,isMadeUpOfRequirement
Operations Request,0126921001001,Segment Requirement,SR_0126921001001,isMadeUpOfRequirement
Operations Request,0125792001001,Segment Requirement,SR_0125792001001,isMadeUpOfRequirement
Operations Request,0125720001001,Segment Requirement,SR_0125720001001,isMadeUpOfRequirement
Operations Request,0127119001001,Segment Requirement,SR_0127119001001,isMadeUpOfRequirement
Operations Request,0126963001001,Segment Requirement,SR_0126963001001,isMadeUpOfRequirement
Operations Request,0125867001001,Segment Requirement,SR_0125867001001,isMadeUpOfRequirement
Operations Request,0126036001001,Segment Requirement,SR_0126036001001,isMadeUpOfRequirement
Operations Request,0126546001001,Segment Requirement,SR_0126546001001,isMadeUpOfRequirement
Operations Request,0126275001001,Segment Requirement,SR_0126275001001,isMadeUpOfRequirement
Operations Request,0127513001001,Segment Requirement,SR_0127513001001,isMadeUpOfRequirement
Operations Request,0126936001001,Segment Requirement,SR_0126936001001,isMadeUpOfRequirement
Operations Request,0125367001001,Segment Requirement,SR_0125367001001,isMadeUpOfRequirement
Operations Request,0125367001001,Segment Requirement,SR_0125367001001_001,isMadeUpOfRequirement
Operations Request,0126918001001,Segment Requirement,SR_0126918001001,isMadeUpOfRequirement
Operations Request,0127419001001,Segment Requirement,SR_0127419001001,isMadeUpOfRequirement
Operations Request,0127355001001,Segment Requirement,SR_0127355001001,isMadeUpOfRequirement
Operations Request,0125958001001,Segment Requirement,SR_0125958001001,isMadeUpOfRequirement
Operations Request,0126199001001,Segment Requirement,SR_0126199001001,isMadeUpOfRequirement
Operations Request,0125951001001,Segment Requirement,SR_0125951001001,isMadeUpOfRequirement
Operations Request,0125859001001,Segment Requirement,SR_0125859001001,isMadeUpOfRequirement
Operations Request,0126934001001,Segment Requirement,SR_0126934001001,isMadeUpOfRequirement
Operations Request,0125719001001,Segment Requirement,SR_0125719001001,isMadeUpOfRequirement
Operations Request,0125947001001,Segment Requirement,SR_0125947001001,isMadeUpOfRequirement
Operations Request,0126391001001,Segment Requirement,SR_0126391001001,isMadeUpOfRequirement
Operations Request,0126035001001,Segment Requirement,SR_0126035001001,isMadeUpOfRequirement
Operations Request,0127049001001,Segment Requirement,SR_0127049001001,isMadeUpOfRequirement
Operations Request,0125371001001,Segment Requirement,SR_0125371001001,isMadeUpOfRequirement
Operations Request,0126274001001,Segment Requirement,SR_0126274001001,isMadeUpOfRequirement
Operations Request,0127235001001,Segment Requirement,SR_0127235001001,isMadeUpOfRequirement
Operations Request,0127047001001,Segment Requirement,SR_0127047001001,isMadeUpOfRequirement
Operations Request,0125721001001,Segment Requirement,SR_0125721001001,isMadeUpOfRequirement
Operations Request,0125950001001,Segment Requirement,SR_0125950001001,isMadeUpOfRequirement
Operations Request,0125670001001,Segment Requirement,SR_0125670001001,isMadeUpOfRequirement
Operations Request,0126042001001,Segment Requirement,SR_0126042001001,isMadeUpOfRequirement
Operations Request,0125625001001,Segment Requirement,SR_0125625001001,isMadeUpOfRequirement
Operations Request,0125788001001,Segment Requirement,SR_0125788001001,isMadeUpOfRequirement
Operations Request,0125722001001,Segment Requirement,SR_0125722001001,isMadeUpOfRequirement
Operations Request,0127122001001,Segment Requirement,SR_0127122001001,isMadeUpOfRequirement
Operations Request,0126846001001,Segment Requirement,SR_0126846001001,isMadeUpOfRequirement
Operations Request,0126922001001,Segment Requirement,SR_0126922001001,isMadeUpOfRequirement
Operations Request,0125943001001,Segment Requirement,SR_0125943001001,isMadeUpOfRequirement
Operations Request,0125954001001,Segment Requirement,SR_0125954001001,isMadeUpOfRequirement
Operations Request,0125945001001,Segment Requirement,SR_0125945001001,isMadeUpOfRequirement
Operations Request,0125351001001,Segment Requirement,SR_0125351001001,isMadeUpOfRequirement
Operations Request,0125724001001,Segment Requirement,SR_0125724001001,isMadeUpOfRequirement
Operations Request,0125944001001,Segment Requirement,SR_0125944001001,isMadeUpOfRequirement
Operations Request,0126443001001,Segment Requirement,SR_0126443001001,isMadeUpOfRequirement
Operations Request,0126350001001,Segment Requirement,SR_0126350001001,isMadeUpOfRequirement
Operations Request,0125622001001,Segment Requirement,SR_0125622001001,isMadeUpOfRequirement
Operations Request,0125673001001,Segment Requirement,SR_0125673001001,isMadeUpOfRequirement
Operations Request,0126444001001,Segment Requirement,SR_0126444001001,isMadeUpOfRequirement
Operations Request,0125949001001,Segment Requirement,SR_0125949001001,isMadeUpOfRequirement
Operations Request,0125092001001,Segment Requirement,SR_0125092001001,isMadeUpOfRequirement
Operations Request,0125110001001,Segment Requirement,SR_0125110001001,isMadeUpOfRequirement
Operations Request,0125110001001,Segment Requirement,SR_0125110001001_001,isMadeUpOfRequirement
Operations Request,0125090001001,Segment Requirement,SR_0125090001001,isMadeUpOfRequirement
Operations Request,0125139001001,Segment Requirement,SR_0125139001001,isMadeUpOfRequirement
Operations Request,0124852001001,Segment Requirement,SR_0124852001001,isMadeUpOfRequirement
Operations Request,0124873001001,Segment Requirement,SR_0124873001001,isMadeUpOfRequirement
Operations Request,0127183001001,Segment Requirement,SR_0127183001001,isMadeUpOfRequirement
Operations Request,0125576001001,Segment Requirement,SR_0125576001001,isMadeUpOfRequirement
Operations Request,0125036001001,Segment Requirement,SR_0125036001001,isMadeUpOfRequirement
Operations Request,0125121001001,Segment Requirement,SR_0125121001001,isMadeUpOfRequirement
Operations Request,0125268001001,Segment Requirement,SR_0125268001001,isMadeUpOfRequirement
Operations Request,0124853001001,Segment Requirement,SR_0124853001001,isMadeUpOfRequirement
Operations Request,0125466001001,Segment Requirement,SR_0125466001001,isMadeUpOfRequirement
Operations Request,0125466001001,Segment Requirement,SR_0125466001001_001,isMadeUpOfRequirement
Operations Request,0125369001001,Segment Requirement,SR_0125369001001,isMadeUpOfRequirement
Operations Request,0126842001001,Segment Requirement,SR_0126842001001,isMadeUpOfRequirement
Operations Request,0125088001001,Segment Requirement,SR_0125088001001,isMadeUpOfRequirement
Operations Request,0125075001001,Segment Requirement,SR_0125075001001,isMadeUpOfRequirement
Operations Request,0125079001001,Segment Requirement,SR_0125079001001,isMadeUpOfRequirement
Operations Request,0124941001001,Segment Requirement,SR_0124941001001,isMadeUpOfRequirement
Operations Request,0125350001001,Segment Requirement,SR_0125350001001,isMadeUpOfRequirement
Operations Request,0125020001001,Segment Requirement,SR_0125020001001,isMadeUpOfRequirement
Operations Request,0125076001001,Segment Requirement,SR_0125076001001,isMadeUpOfRequirement
Operations Request,0124940001001,Segment Requirement,SR_0124940001001,isMadeUpOfRequirement
Operations Request,0126190001001,Segment Requirement,SR_0126190001001,isMadeUpOfRequirement
Operations Request,0126197001001,Segment Requirement,SR_0126197001001,isMadeUpOfRequirement
Operations Request,0126208001001,Segment Requirement,SR_0126208001001,isMadeUpOfRequirement
Operations Request,0126212001001,Segment Requirement,SR_0126212001001,isMadeUpOfRequirement
Operations Request,0126283001001,Segment Requirement,SR_0126283001001,isMadeUpOfRequirement
Operations Request,0126276001001,Segment Requirement,SR_0126276001001,isMadeUpOfRequirement
Operations Request,0126034001001,Segment Requirement,SR_0126034001001,isMadeUpOfRequirement
Operations Request,0125956001001,Segment Requirement,SR_0125956001001,isMadeUpOfRequirement
Operations Request,0126194001001,Segment Requirement,SR_0126194001001,isMadeUpOfRequirement
Operations Request,0127351001001,Segment Requirement,SR_0127351001001,isMadeUpOfRequirement
Operations Request,0126451001001,Segment Requirement,SR_0126451001001,isMadeUpOfRequirement
Operations Request,0126400001001,Segment Requirement,SR_0126400001001,isMadeUpOfRequirement
Operations Request,0126198001001,Segment Requirement,SR_0126198001001,isMadeUpOfRequirement
Operations Request,0126447001001,Segment Requirement,SR_0126447001001,isMadeUpOfRequirement
Operations Request,0126708001001,Segment Requirement,SR_0126708001001,isMadeUpOfRequirement
Operations Request,0126808001001,Segment Requirement,SR_0126808001001,isMadeUpOfRequirement
Operations Request,0126840001001,Segment Requirement,SR_0126840001001,isMadeUpOfRequirement
Operations Request,0126995001001,Segment Requirement,SR_0126995001001,isMadeUpOfRequirement
Operations Request,0127230001001,Segment Requirement,SR_0127230001001,isMadeUpOfRequirement
Operations Request,0127232001001,Segment Requirement,SR_0127232001001,isMadeUpOfRequirement
Operations Request,0127431001001,Segment Requirement,SR_0127431001001,isMadeUpOfRequirement
Operations Request,0126401001001,Segment Requirement,SR_0126401001001,isMadeUpOfRequirement
Operations Request,0126272001001,Segment Requirement,SR_0126272001001,isMadeUpOfRequirement
Operations Request,0126393001001,Segment Requirement,SR_0126393001001,isMadeUpOfRequirement
Operations Request,0126346001001,Segment Requirement,SR_0126346001001,isMadeUpOfRequirement
Operations Request,0126201001001,Segment Requirement,SR_0126201001001,isMadeUpOfRequirement
Operations Request,0126349001001,Segment Requirement,SR_0126349001001,isMadeUpOfRequirement
Operations Request,0127467001001,Segment Requirement,SR_0127467001001,isMadeUpOfRequirement
Operations Request,0127418001001,Segment Requirement,SR_0127418001001,isMadeUpOfRequirement
Operations Request,0127420001001,Segment Requirement,SR_0127420001001,isMadeUpOfRequirement
Operations Request,0127421001001,Segment Requirement,SR_0127421001001,isMadeUpOfRequirement
Operations Request,0126449001001,Segment Requirement,SR_0126449001001,isMadeUpOfRequirement
Operations Request,0127052001001,Segment Requirement,SR_0127052001001,isMadeUpOfRequirement
Operations Request,0125952001001,Segment Requirement,SR_0125952001001,isMadeUpOfRequirement
Operations Request,0126543001001,Segment Requirement,SR_0126543001001,isMadeUpOfRequirement
Operations Request,0127417001001,Segment Requirement,SR_0127417001001,isMadeUpOfRequirement
Operations Request,0127166001001,Segment Requirement,SR_0127166001001,isMadeUpOfRequirement
Operations Request,0126958001001,Segment Requirement,SR_0126958001001,isMadeUpOfRequirement
Operations Request,0127423001001,Segment Requirement,SR_0127423001001,isMadeUpOfRequirement
Operations Request,0126088001001,Segment Requirement,SR_0126088001001,isMadeUpOfRequirement
Operations Request,0126446001001,Segment Requirement,SR_0126446001001,isMadeUpOfRequirement
Operations Request,0126545001001,Segment Requirement,SR_0126545001001,isMadeUpOfRequirement
Operations Request,0126033001001,Segment Requirement,SR_0126033001001,isMadeUpOfRequirement
Operations Request,0126282001001,Segment Requirement,SR_0126282001001,isMadeUpOfRequirement
Operations Request,0126807001001,Segment Requirement,SR_0126807001001,isMadeUpOfRequirement
Operations Request,0126038001001,Segment Requirement,SR_0126038001001,isMadeUpOfRequirement
Operations Request,0126973001001,Segment Requirement,SR_0126973001001,isMadeUpOfRequirement
Operations Request,0126949001001,Segment Requirement,SR_0126949001001,isMadeUpOfRequirement
Operations Request,0126838001001,Segment Requirement,SR_0126838001001,isMadeUpOfRequirement
Operations Request,0126040001001,Segment Requirement,SR_0126040001001,isMadeUpOfRequirement
Operations Request,0126448001001,Segment Requirement,SR_0126448001001,isMadeUpOfRequirement
Operations Request,0126352001001,Segment Requirement,SR_0126352001001,isMadeUpOfRequirement
Operations Request,0126395001001,Segment Requirement,SR_0126395001001,isMadeUpOfRequirement
Operations Request,0126726001001,Segment Requirement,SR_0126726001001,isMadeUpOfRequirement
Operations Request,0126202001001,Segment Requirement,SR_0126202001001,isMadeUpOfRequirement
Operations Request,0126271001001,Segment Requirement,SR_0126271001001,isMadeUpOfRequirement
Operations Request,0125542001001,Segment Requirement,SR_0125542001001,isMadeUpOfRequirement
Operations Request,0126279001001,Segment Requirement,SR_0126279001001,isMadeUpOfRequirement
Operations Request,0126803001001,Segment Requirement,SR_0126803001001,isMadeUpOfRequirement
Operations Request,0126192001001,Segment Requirement,SR_0126192001001,isMadeUpOfRequirement
Operations Request,0126191001001,Segment Requirement,SR_0126191001001,isMadeUpOfRequirement
Operations Request,0126070001001,Segment Requirement,SR_0126070001001,isMadeUpOfRequirement
Operations Request,0127234001001,Segment Requirement,SR_0127234001001,isMadeUpOfRequirement
Operations Request,0127350001001,Segment Requirement,SR_0127350001001,isMadeUpOfRequirement
Operations Request,0126916001001,Segment Requirement,SR_0126916001001,isMadeUpOfRequirement
Operations Request,0127050001001,Segment Requirement,SR_0127050001001,isMadeUpOfRequirement
Operations Request,0126700001001,Segment Requirement,SR_0126700001001,isMadeUpOfRequirement
Operations Request,0126402001001,Segment Requirement,SR_0126402001001,isMadeUpOfRequirement
Operations Request,0126617001001,Segment Requirement,SR_0126617001001,isMadeUpOfRequirement
Operations Request,0126196001001,Segment Requirement,SR_0126196001001,isMadeUpOfRequirement
Operations Request,0126672001001,Segment Requirement,SR_0126672001001,isMadeUpOfRequirement
Operations Request,0127348001001,Segment Requirement,SR_0127348001001,isMadeUpOfRequirement
Operations Request,0127091001001,Segment Requirement,SR_0127091001001,isMadeUpOfRequirement
Operations Request,0127181001001,Segment Requirement,SR_0127181001001,isMadeUpOfRequirement
Operations Request,0126280001001,Segment Requirement,SR_0126280001001,isMadeUpOfRequirement
Operations Request,0126069001001,Segment Requirement,SR_0126069001001,isMadeUpOfRequirement
Operations Request,0126277001001,Segment Requirement,SR_0126277001001,isMadeUpOfRequirement
Operations Request,0126193001001,Segment Requirement,SR_0126193001001,isMadeUpOfRequirement
Operations Request,0126919001001,Segment Requirement,SR_0126919001001,isMadeUpOfRequirement
Operations Request,0126348001001,Segment Requirement,SR_0126348001001,isMadeUpOfRequirement
Operations Request,0125546001001,Segment Requirement,SR_0125546001001,isMadeUpOfRequirement
Operations Request,0125953001001,Segment Requirement,SR_0125953001001,isMadeUpOfRequirement
Operations Request,0126200001001,Segment Requirement,SR_0126200001001,isMadeUpOfRequirement
Operations Request,0126675001001,Segment Requirement,SR_0126675001001,isMadeUpOfRequirement
Operations Request,0126540001001,Segment Requirement,SR_0126540001001,isMadeUpOfRequirement
Operations Request,0126799001001,Segment Requirement,SR_0126799001001,isMadeUpOfRequirement
Operations Request,0126812001001,Segment Requirement,SR_0126812001001,isMadeUpOfRequirement
Operations Request,0127051001001,Segment Requirement,SR_0127051001001,isMadeUpOfRequirement
Operations Request,0126670001001,Segment Requirement,SR_0126670001001,isMadeUpOfRequirement
Operations Request,0126666001001,Segment Requirement,SR_0126666001001,isMadeUpOfRequirement
Operations Request,0126278001001,Segment Requirement,SR_0126278001001,isMadeUpOfRequirement
Operations Request,0126344001001,Segment Requirement,SR_0126344001001,isMadeUpOfRequirement
Operations Request,0125946001001,Segment Requirement,SR_0125946001001,isMadeUpOfRequirement
Operations Request,0126068001001,Segment Requirement,SR_0126068001001,isMadeUpOfRequirement
Operations Request,0127124001001,Segment Requirement,SR_0127124001001,isMadeUpOfRequirement
Operations Request,0127424001001,Segment Requirement,SR_0127424001001,isMadeUpOfRequirement
Operations Request,0127352001001,Segment Requirement,SR_0127352001001,isMadeUpOfRequirement
Operations Request,0127353001001,Segment Requirement,SR_0127353001001,isMadeUpOfRequirement
Operations Request,0126680001001,Segment Requirement,SR_0126680001001,isMadeUpOfRequirement
Operations Request,0126652001001,Segment Requirement,SR_0126652001001,isMadeUpOfRequirement
Operations Request,0126548001001,Segment Requirement,SR_0126548001001,isMadeUpOfRequirement
Operations Request,0126667001001,Segment Requirement,SR_0126667001001,isMadeUpOfRequirement
Operations Request,0126843001001,Segment Requirement,SR_0126843001001,isMadeUpOfRequirement
Operations Request,0126674001001,Segment Requirement,SR_0126674001001,isMadeUpOfRequirement
Operations Request,0126678001001,Segment Requirement,SR_0126678001001,isMadeUpOfRequirement
Operations Request,0127470001001,Segment Requirement,SR_0127470001001,isMadeUpOfRequirement
Operations Request,0127470001001,Segment Requirement,SR_0127470001001_001,isMadeUpOfRequirement
Operations Request,0127425001001,Segment Requirement,SR_0127425001001,isMadeUpOfRequirement
Operations Request,0127310001001,Segment Requirement,SR_0127310001001,isMadeUpOfRequirement
Operations Request,0127464001001,Segment Requirement,SR_0127464001001,isMadeUpOfRequirement
Operations Request,0127464001001,Segment Requirement,SR_0127464001001_001,isMadeUpOfRequirement
Operations Request,0127465001001,Segment Requirement,SR_0127465001001,isMadeUpOfRequirement
Operations Request,0127426001001,Segment Requirement,SR_0127426001001,isMadeUpOfRequirement
Operations Request,0127466001001,Segment Requirement,SR_0127466001001,isMadeUpOfRequirement
Operations Request,0127275001001,Segment Requirement,SR_0127275001001,isMadeUpOfRequirement
Operations Request,0127120001001,Segment Requirement,SR_0127120001001,isMadeUpOfRequirement
Operations Request,0127185001001,Segment Requirement,SR_0127185001001,isMadeUpOfRequirement
Operations Request,0127233001001,Segment Requirement,SR_0127233001001,isMadeUpOfRequirement
Operations Request,0127422001001,Segment Requirement,SR_0127422001001,isMadeUpOfRequirement
Operations Request,0126937001001,Segment Requirement,SR_0126937001001,isMadeUpOfRequirement
Operations Request,0127241001001,Segment Requirement,SR_0127241001001,isMadeUpOfRequirement
