PrimaryKey,id
PITXMPL480G46,PITXMPL480G46
PITXMPL420G46,PITXMPL420G46
PITXMPL720G46,PITXMPL720G46
PITXMPL240G46,PITXMPL240G46
PITXMPL640G35,PITXMPL640G35
PITXMPL320G35,PITXMPL320G35
PITXMPL760G46,PITXMPL760G46
PITXMPL960G43,PITXMPL960G43
PITXMPL520G35,PITXMPL520G35
PITXMPL640G43,PITXMPL640G43
PITXMPL320G43,PITXMPL320G43
PITXMPL440G35,PITXMPL440G35
PITXMPL720G29,PITXMPL720G29
PITXMPL240G29,PITXMPL240G29
PITXMPL380G46,PITXMPL380G46
BAGGBTR900G75,BAGGBTR900G75
PITXMPL960G29,PITXMPL960G29
BAGGBTR960G69,BAGGBTR960G69
BAGGBTR960G75,BAGGBTR960G75
PITXMPL900G46,PITXMPL900G46
PITXMPL680G35,PITXMPL680G35
PITXMPL280G35,PITXMPL280G35
BAGGBTR800G75,BAGGBTR800G75
PITXMPL440G43,PITXMPL440G43
PITXMPL560G43,PITXMPL560G43
PITXMPL400G43,PITXMPL400G43
PITXMPL800G43,PITXMPL800G43
PITXMPL360G46,PITXMPL360G46
PITXMPL540G43,PITXMPL540G43
PITXMPL520G43,PITXMPL520G43
PITXMPL600G46,PITXMPL600G46
PITXMPL420G43,PITXMPL420G43
PITXMPL900G43,PITXMPL900G43
PITXMPL600G43,PITXMPL600G43
PITXMPL360G43,PITXMPL360G43
PITXMPL660G46,PITXMPL660G46
PITXMPL300G46,PITXMPL300G46
PITXMPL580G43,PITXMPL580G43
PITXMPL380G43,PITXMPL380G43
PITXMPL340G43,PITXMPL340G43
PITXMPL560G46,PITXMPL560G46
PITXMPL400G46,PITXMPL400G46
BAGGBTR760G69,BAGGBTR760G69
PITXMPL360GRG29,PITXMPL360GRG29
BAGGBTR640G75,BAGGBTR640G75
BAGGBTR320G75,BAGGBTR320G75
PITXMPL600GRG29,PITXMPL600GRG29
BAGGBTR380G75,BAGGBTR380G75
LOAXMPL860G22,LOAXMPL860G22
LOAXMPL800G23,LOAXMPL800G23
BAGGBTR600G69,BAGGBTR600G69
BAGGBTR360G69,BAGGBTR360G69
BAGGBTR520G75,BAGGBTR520G75
PITXMPL600G35,PITXMPL600G35
PITXMPL360G35,PITXMPL360G35
PITXMPL680G46,PITXMPL680G46
PITXMPL280G46,PITXMPL280G46
PITXMPL960G35,PITXMPL960G35
LOAXMPL800G22,LOAXMPL800G22
BAGGBTR600G75,BAGGBTR600G75
BAGGBTR360G75,BAGGBTR360G75
PITXMPL520G46,PITXMPL520G46
ROUNDXMPL580G23,ROUNDXMPL580G23
ROUNDXMPL380G23,ROUNDXMPL380G23
PITXMPL960G46,PITXMPL960G46
BAGGBTR440G75,BAGGBTR440G75
BAGGBTR540G75,BAGGBTR540G75
BAGGBTR420G75,BAGGBTR420G75
PITXMPL960GRG29,PITXMPL960GRG29
BAGGBTR300G75,BAGGBTR300G75
PITXMPL560G35,PITXMPL560G35
PITXMPL400G35,PITXMPL400G35
BAGGBTR960G78,BAGGBTR960G78
BAGGBTR680G75,BAGGBTR680G75
BAGGBTR280G75,BAGGBTR280G75
PITXMPL520G29,PITXMPL520G29
PITXMPL440G29,PITXMPL440G29
PITXMPL600G29,PITXMPL600G29
PITXMPL360G29,PITXMPL360G29
BRIOXMPL600G78,BRIOXMPL600G78
BRIOXMPL360G78,BRIOXMPL360G78
LOAXMPL760G22,LOAXMPL760G22
PITXMPL900G35,PITXMPL900G35
BAGGBTR680G69,BAGGBTR680G69
BAGGBTR320G69,BAGGBTR320G69
BAGGBTR560G78,BAGGBTR560G78
BAGGBTR400G78,BAGGBTR400G78
PITXMPL480G43,PITXMPL480G43
PITXMPL640G46,PITXMPL640G46
PITXMPL320G46,PITXMPL320G46
PITXMPL680G43,PITXMPL680G43
BAGGBTR220G75,BAGGBTR220G75
BAGGBTR600G78,BAGGBTR600G78
BAGGBTR360G78,BAGGBTR360G78
BAGGBTR280G69,BAGGBTR280G69
PITXMPL280G43,PITXMPL280G43
BAGGBTR500G75,BAGGBTR500G75
BAGGBTR400G75,BAGGBTR400G75
BAGGBTR520G78,BAGGBTR520G78
BAGGBTR440G78,BAGGBTR440G78
PITXMPL540G46,PITXMPL540G46
BAGGBTR580G75,BAGGBTR580G75
BAGGBTR560G75,BAGGBTR560G75
BAGGBTR340G75,BAGGBTR340G75
BAGGBTR640G69,BAGGBTR640G69
PITXMPL800G29T,PITXMPL800G29T
PITXMPL560G29,PITXMPL560G29
PITXMPL400G29,PITXMPL400G29
PITXMPL480G35,PITXMPL480G35
Danish32-Chocolate,Danish32-Chocolate
LOAXMPL860G23,LOAXMPL860G23
PITXMPL480GRG29,PITXMPL480GRG29
BAGGBTR720G78,BAGGBTR720G78
BAGGBTR240G78,BAGGBTR240G78
PITXMPL640G29T,PITXMPL640G29T
PITXMPL320G29T,PITXMPL320G29T
PITXMPL860G29T,PITXMPL860G29T
PITXMPL580G46,PITXMPL580G46
BRIOXMPL960G78,BRIOXMPL960G78
ROUNDXMPL440G23,ROUNDXMPL440G23
LOAXMPL580G22,LOAXMPL580G22
LOAXMPL600G22,LOAXMPL600G22
PITXMPL720G43,PITXMPL720G43
PITXMPL240G43,PITXMPL240G43
PITXMPL620G29,PITXMPL620G29
PITXMPL340G29,PITXMPL340G29
PITXMPL540G29,PITXMPL540G29
PITXMPL420G29,PITXMPL420G29
ROUNDXMPL520G23,ROUNDXMPL520G23
BAGGBTR620G75,BAGGBTR620G75
BAGGBTR480G75,BAGGBTR480G75
ROUNDXMPL960G23,ROUNDXMPL960G23
LOAXMPL680G22,LOAXMPL680G22
PITXMPL640G29,PITXMPL640G29
PITXMPL320G29,PITXMPL320G29
PITXMPL960G29T,PITXMPL960G29T
ROUNDXMPL600G23,ROUNDXMPL600G23
ROUNDXMPL360G23,ROUNDXMPL360G23
ROUNDXMPL640G23,ROUNDXMPL640G23
ROUNDXMPL320G23,ROUNDXMPL320G23
LOAXMPL640G22,LOAXMPL640G22
PITXMPL540G35,PITXMPL540G35
PITXMPL420G35,PITXMPL420G35
PITXMPL680G29,PITXMPL680G29
PITXMPL280G29,PITXMPL280G29
PITXMPL560G29T,PITXMPL560G29T
PITXMPL400G29T,PITXMPL400G29T
LOAXMPL500G22,LOAXMPL500G22
PITXMPL580G35,PITXMPL580G35
PITXMPL380G35,PITXMPL380G35
LOAXMPL340G22,LOAXMPL340G22
BAGGBTR640G78,BAGGBTR640G78
BAGGBTR320G78,BAGGBTR320G78
PITXMPL620G43,PITXMPL620G43
BAGGBTR580G69,BAGGBTR580G69
BAGGBTR380G69,BAGGBTR380G69
PITXMPL440G46,PITXMPL440G46
LOAXMPL520G22,LOAXMPL520G22
LOAXMPL360G22,LOAXMPL360G22
PITXMPL400GRG29,PITXMPL400GRG29
PITXMPL560GRG29,PITXMPL560GRG29
BAGGBTR560G69,BAGGBTR560G69
BAGGBTR400G69,BAGGBTR400G69
XMPL-BSC00,XMPL-BSC00
XMPL-BLD45,XMPL-BLD45
GBTR-LG35,GBTR-LG35
GBTR-LG42,GBTR-LG42
XMPL-FRM100,XMPL-FRM100
XMPL-BLDSTT,XMPL-BLDSTT
XMPL-FRM150TT,XMPL-FRM150TT
XMPL-FRM150,XMPL-FRM150
OCTN-MSTR,OCTN-MSTR
SHRK-RPR,SHRK-RPR
XMPL-FRM150GR,XMPL-FRM150GR
XMPL-FRM150GRT,XMPL-FRM150GRT
XMPL-FRM100GR,XMPL-FRM100GR
XMPL-BSC00E5,XMPL-BSC00E5
XMPL-BLD45E5,XMPL-BLD45E5
GBTR-LG55,GBTR-LG55
XMPL-FRM125,XMPL-FRM125
GBTR-LG55E5,GBTR-LG55E5
