PrimaryKey,id,materialUse,quantity,quantityUnitOfMeasure
6754520ProducedMaterialproduced2000g,6754520Produced,Material produced,2000,g
6714079ProducedMaterialproduced4500g,6714079Produced,Material produced,4500,g
6727022ProducedMaterialproduced5625g,6727022Produced,Material produced,5625,g
6818712ProducedMaterialproduced20000.01g,6818712Produced,Material produced,20000.01,g
6818713ProducedMaterialproduced9999.99g,6818713Produced,Material produced,9999.99,g
6610280ProducedMaterialproduced10000g,6610280Produced,Material produced,10000,g
6863083ProducedMaterialproduced28000g,6863083Produced,Material produced,28000,g
6814992ProducedMaterialproduced3499.998g,6814992Produced,Material produced,3499.998,g
6814993ProducedMaterialproduced2500.002g,6814993Produced,Material produced,2500.002,g
6808396ProducedMaterialproduced10000g,6808396Produced,Material produced,10000,g
6859833ProducedMaterialproduced10000g,6859833Produced,Material produced,10000,g
6802194ProducedMaterialproduced40000g,6802194Produced,Material produced,40000,g
6819237ProducedMaterialproduced10000g,6819237Produced,Material produced,10000,g
7019441ProducedMaterialproduced16000g,7019441Produced,Material produced,16000,g
6863420ProducedMaterialproduced8000g,6863420Produced,Material produced,8000,g
6848154ProducedMaterialproduced10000g,6848154Produced,Material produced,10000,g
6929124ProducedMaterialproduced40000g,6929124Produced,Material produced,40000,g
6774844ProducedMaterialproduced12000g,6774844Produced,Material produced,12000,g
6687638ProducedMaterialproduced5666.664g,6687638Produced,Material produced,5666.664,g
6691920ProducedMaterialproduced6000g,6691920Produced,Material produced,6000,g
6679696ProducedMaterialproduced2168g,6679696Produced,Material produced,2168,g
6693528ProducedMaterialproduced10000g,6693528Produced,Material produced,10000,g
6682984ProducedMaterialproduced10000g,6682984Produced,Material produced,10000,g
6662876ProducedMaterialproduced5000g,6662876Produced,Material produced,5000,g
6677379ProducedMaterialproduced8000g,6677379Produced,Material produced,8000,g
6638952ProducedMaterialproduced20625g,6638952Produced,Material produced,20625,g
6623681ProducedMaterialproduced4500g,6623681Produced,Material produced,4500,g
6896731ProducedMaterialproduced3499.8g,6896731Produced,Material produced,3499.8,g
6896732ProducedMaterialproduced2500.2g,6896732Produced,Material produced,2500.2,g
6766539ProducedMaterialproduced10000g,6766539Produced,Material produced,10000,g
6621336ProducedMaterialproduced4000g,6621336Produced,Material produced,4000,g
7263612ProducedMaterialproduced20000g,7263612Produced,Material produced,20000,g
7264633ProducedMaterialproduced38000g,7264633Produced,Material produced,38000,g
7246876ProducedMaterialproduced4336g,7246876Produced,Material produced,4336,g
7048798ProducedMaterialproduced4664g,7048798Produced,Material produced,4664,g
7142979ProducedMaterialproduced5833.33g,7142979Produced,Material produced,5833.33,g
7050513ProducedMaterialproduced4500g,7050513Produced,Material produced,4500,g
6762932ProducedMaterialproduced7083.33g,6762932Produced,Material produced,7083.33,g
6762933ProducedMaterialproduced2916.67g,6762933Produced,Material produced,2916.67,g
6748736ProducedMaterialproduced12000g,6748736Produced,Material produced,12000,g
6953239ProducedMaterialproduced30000g,6953239Produced,Material produced,30000,g
6820964ProducedMaterialproduced3625.002g,6820964Produced,Material produced,3625.002,g
6820965ProducedMaterialproduced2374.998g,6820965Produced,Material produced,2374.998,g
6730180ProducedMaterialproduced8166.662g,6730180Produced,Material produced,8166.662,g
6666717ProducedMaterialproduced6250g,6666717Produced,Material produced,6250,g
6678713ProducedMaterialproduced4664g,6678713Produced,Material produced,4664,g
6760178ProducedMaterialproduced2500g,6760178Produced,Material produced,2500,g
6762615ProducedMaterialproduced1000g,6762615Produced,Material produced,1000,g
6711997ProducedMaterialproduced11250g,6711997Produced,Material produced,11250,g
6723937ProducedMaterialproduced30000g,6723937Produced,Material produced,30000,g
6891455ProducedMaterialproduced5666.664g,6891455Produced,Material produced,5666.664,g
6891456ProducedMaterialproduced2333.336g,6891456Produced,Material produced,2333.336,g
6835037ProducedMaterialproduced4248g,6835037Produced,Material produced,4248,g
6835038ProducedMaterialproduced1752g,6835038Produced,Material produced,1752,g
6691219ProducedMaterialproduced5600g,6691219Produced,Material produced,5600,g
6653074ProducedMaterialproduced2755.6g,6653074Produced,Material produced,2755.6,g
6810069ProducedMaterialproduced10000g,6810069Produced,Material produced,10000,g
6810070ProducedMaterialproduced6000g,6810070Produced,Material produced,6000,g
6645050ProducedMaterialproduced10000g,6645050Produced,Material produced,10000,g
6702287ProducedMaterialproduced22400g,6702287Produced,Material produced,22400,g
6759367ProducedMaterialproduced2000g,6759367Produced,Material produced,2000,g
6771831ProducedMaterialproduced7083.33g,6771831Produced,Material produced,7083.33,g
7177760ProducedMaterialproduced5420g,7177760Produced,Material produced,5420,g
6898160ProducedMaterialproduced10000g,6898160Produced,Material produced,10000,g
6888930ProducedMaterialproduced6667g,6888930Produced,Material produced,6667,g
6777392ProducedMaterialproduced10000g,6777392Produced,Material produced,10000,g
6726768ProducedMaterialproduced20000g,6726768Produced,Material produced,20000,g
7101070ProducedMaterialproduced4333.336g,7101070Produced,Material produced,4333.336,g
6890703ProducedMaterialproduced21250g,6890703Produced,Material produced,21250,g
6937537ProducedMaterialproduced20000g,6937537Produced,Material produced,20000,g
6990390ProducedMaterialproduced7500g,6990390Produced,Material produced,7500,g
7011074ProducedMaterialproduced6250g,7011074Produced,Material produced,6250,g
6934896ProducedMaterialproduced5333.336g,6934896Produced,Material produced,5333.336,g
6950743ProducedMaterialproduced6000g,6950743Produced,Material produced,6000,g
6672821ProducedMaterialproduced9666.672g,6672821Produced,Material produced,9666.672,g
6818172ProducedMaterialproduced5333.336g,6818172Produced,Material produced,5333.336,g
6818173ProducedMaterialproduced2666.664g,6818173Produced,Material produced,2666.664,g
6839235ProducedMaterialproduced8750g,6839235Produced,Material produced,8750,g
6839236ProducedMaterialproduced5250g,6839236Produced,Material produced,5250,g
6781022ProducedMaterialproduced7583.338g,6781022Produced,Material produced,7583.338,g
6781023ProducedMaterialproduced6416.662g,6781023Produced,Material produced,6416.662,g
6735422ProducedMaterialproduced8458.338g,6735422Produced,Material produced,8458.338,g
6680840ProducedMaterialproduced2666.668g,6680840Produced,Material produced,2666.668,g
6764594ProducedMaterialproduced14000g,6764594Produced,Material produced,14000,g
6795893ProducedMaterialproduced16000g,6795893Produced,Material produced,16000,g
6919349ProducedMaterialproduced9333.338g,6919349Produced,Material produced,9333.338,g
6894757ProducedMaterialproduced6000g,6894757Produced,Material produced,6000,g
6879381ProducedMaterialproduced46000g,6879381Produced,Material produced,46000,g
6899318ProducedMaterialproduced10000g,6899318Produced,Material produced,10000,g
6804856ProducedMaterialproduced5333.336g,6804856Produced,Material produced,5333.336,g
6804857ProducedMaterialproduced2666.664g,6804857Produced,Material produced,2666.664,g
6835004ProducedMaterialproduced6000g,6835004Produced,Material produced,6000,g
6835005ProducedMaterialproduced4000g,6835005Produced,Material produced,4000,g
6843205ProducedMaterialproduced2583.6g,6843205Produced,Material produced,2583.6,g
6843206ProducedMaterialproduced1416.4g,6843206Produced,Material produced,1416.4,g
6902058ProducedMaterialproduced11000g,6902058Produced,Material produced,11000,g
6832137ProducedMaterialproduced3750g,6832137Produced,Material produced,3750,g
6832138ProducedMaterialproduced2250g,6832138Produced,Material produced,2250,g
6901633ProducedMaterialproduced6250g,6901633Produced,Material produced,6250,g
6875253ProducedMaterialproduced5833.33g,6875253Produced,Material produced,5833.33,g
7120554ProducedMaterialproduced3250.2g,7120554Produced,Material produced,3250.2,g
7134015ProducedMaterialproduced2325.6g,7134015Produced,Material produced,2325.6,g
6620234ProducedMaterialproduced10000g,6620234Produced,Material produced,10000,g
6625447ProducedMaterialproduced6250g,6625447Produced,Material produced,6250,g
7216796ProducedMaterialproduced5416.67g,7216796Produced,Material produced,5416.67,g
6978957ProducedMaterialproduced2250g,6978957Produced,Material produced,2250,g
7029755ProducedMaterialproduced2333.2g,7029755Produced,Material produced,2333.2,g
6772279ProducedMaterialproduced2000g,6772279Produced,Material produced,2000,g
6678750ProducedMaterialproduced30000g,6678750Produced,Material produced,30000,g
6760910ProducedMaterialproduced30000g,6760910Produced,Material produced,30000,g
7063695ProducedMaterialproduced9916.662g,7063695Produced,Material produced,9916.662,g
6715848ProducedMaterialproduced2000g,6715848Produced,Material produced,2000,g
6748519ProducedMaterialproduced4833.336g,6748519Produced,Material produced,4833.336,g
6738518ProducedMaterialproduced4000.002g,6738518Produced,Material produced,4000.002,g
6676699ProducedMaterialproduced10000g,6676699Produced,Material produced,10000,g
6698118ProducedMaterialproduced22000g,6698118Produced,Material produced,22000,g
6686123ProducedMaterialproduced20000g,6686123Produced,Material produced,20000,g
6664818ProducedMaterialproduced1155.556g,6664818Produced,Material produced,1155.556,g
7104678ProducedMaterialproduced6666.67g,7104678Produced,Material produced,6666.67,g
6660013ProducedMaterialproduced2000g,6660013Produced,Material produced,2000,g
7134442ProducedMaterialproduced20000g,7134442Produced,Material produced,20000,g
7185998ProducedMaterialproduced10000g,7185998Produced,Material produced,10000,g
6713418ProducedMaterialproduced20000g,6713418Produced,Material produced,20000,g
6695937ProducedMaterialproduced30000g,6695937Produced,Material produced,30000,g
6704438ProducedMaterialproduced30000g,6704438Produced,Material produced,30000,g
6843809ProducedMaterialproduced10500g,6843809Produced,Material produced,10500,g
6843810ProducedMaterialproduced3500g,6843810Produced,Material produced,3500,g
6695906ProducedMaterialproduced6500.004g,6695906Produced,Material produced,6500.004,g
6715479ProducedMaterialproduced14000g,6715479Produced,Material produced,14000,g
6902461ProducedMaterialproduced9333.328g,6902461Produced,Material produced,9333.328,g
7089087ProducedMaterialproduced4000.002g,7089087Produced,Material produced,4000.002,g
7086146ProducedMaterialproduced3252g,7086146Produced,Material produced,3252,g
7083138ProducedMaterialproduced12000g,7083138Produced,Material produced,12000,g
7082190ProducedMaterialproduced20000g,7082190Produced,Material produced,20000,g
7139258ProducedMaterialproduced4000g,7139258Produced,Material produced,4000,g
6945458ProducedMaterialproduced4000g,6945458Produced,Material produced,4000,g
6935628ProducedMaterialproduced6875g,6935628Produced,Material produced,6875,g
7089184ProducedMaterialproduced7467.6g,7089184Produced,Material produced,7467.6,g
7080409ProducedMaterialproduced40000g,7080409Produced,Material produced,40000,g
7183740ProducedMaterialproduced16000g,7183740Produced,Material produced,16000,g
7077966ProducedMaterialproduced4249.998g,7077966Produced,Material produced,4249.998,g
7093958ProducedMaterialproduced2000g,7093958Produced,Material produced,2000,g
6772239ProducedMaterialproduced8666.672g,6772239Produced,Material produced,8666.672,g
6787113ProducedMaterialproduced20000g,6787113Produced,Material produced,20000,g
6717919ProducedMaterialproduced11250g,6717919Produced,Material produced,11250,g
6914790ProducedMaterialproduced16000g,6914790Produced,Material produced,16000,g
6854184ProducedMaterialproduced26000g,6854184Produced,Material produced,26000,g
6857189ProducedMaterialproduced3750g,6857189Produced,Material produced,3750,g
6830736ProducedMaterialproduced2488.888g,6830736Produced,Material produced,2488.888,g
6830737ProducedMaterialproduced1511.112g,6830737Produced,Material produced,1511.112,g
6843940ProducedMaterialproduced1250g,6843940Produced,Material produced,1250,g
7101106ProducedMaterialproduced20000g,7101106Produced,Material produced,20000,g
7103716ProducedMaterialproduced18750g,7103716Produced,Material produced,18750,g
7075267ProducedMaterialproduced2416.8g,7075267Produced,Material produced,2416.8,g
6755255ProducedMaterialproduced8000g,6755255Produced,Material produced,8000,g
6764928ProducedMaterialproduced4000.002g,6764928Produced,Material produced,4000.002,g
6764929ProducedMaterialproduced1999.998g,6764929Produced,Material produced,1999.998,g
6863028ProducedMaterialproduced6999.996g,6863028Produced,Material produced,6999.996,g
6746637ProducedMaterialproduced10000g,6746637Produced,Material produced,10000,g
6635459ProducedMaterialproduced10000g,6635459Produced,Material produced,10000,g
6761174ProducedMaterialproduced20000g,6761174Produced,Material produced,20000,g
6666003ProducedMaterialproduced20000g,6666003Produced,Material produced,20000,g
6653046ProducedMaterialproduced2000g,6653046Produced,Material produced,2000,g
6830432ProducedMaterialproduced16000g,6830432Produced,Material produced,16000,g
6837072ProducedMaterialproduced2166.668g,6837072Produced,Material produced,2166.668,g
6843917ProducedMaterialproduced2250g,6843917Produced,Material produced,2250,g
6843918ProducedMaterialproduced1750g,6843918Produced,Material produced,1750,g
7263895ProducedMaterialproduced14000g,7263895Produced,Material produced,14000,g
6972475ProducedMaterialproduced6041.67g,6972475Produced,Material produced,6041.67,g
6831352ProducedMaterialproduced7500g,6831352Produced,Material produced,7500,g
6831353ProducedMaterialproduced4500g,6831353Produced,Material produced,4500,g
6835502ProducedMaterialproduced2222g,6835502Produced,Material produced,2222,g
6835503ProducedMaterialproduced1778g,6835503Produced,Material produced,1778,g
6827901ProducedMaterialproduced13000.008g,6827901Produced,Material produced,13000.008,g
6827902ProducedMaterialproduced10999.992g,6827902Produced,Material produced,10999.992,g
6830832ProducedMaterialproduced18416.658g,6830832Produced,Material produced,18416.658,g
6830833ProducedMaterialproduced7583.342g,6830833Produced,Material produced,7583.342,g
7271111ProducedMaterialproduced3750g,7271111Produced,Material produced,3750,g
7238589ProducedMaterialproduced20000g,7238589Produced,Material produced,20000,g
6800878ProducedMaterialproduced10000g,6800878Produced,Material produced,10000,g
7144355ProducedMaterialproduced6000g,7144355Produced,Material produced,6000,g
7173982ProducedMaterialproduced10000g,7173982Produced,Material produced,10000,g
7261936ProducedMaterialproduced2833.332g,7261936Produced,Material produced,2833.332,g
7271463ProducedMaterialproduced11250g,7271463Produced,Material produced,11250,g
7126798ProducedMaterialproduced4000g,7126798Produced,Material produced,4000,g
7208369ProducedMaterialproduced6250g,7208369Produced,Material produced,6250,g
6645187ProducedMaterialproduced10000g,6645187Produced,Material produced,10000,g
6646606ProducedMaterialproduced6670g,6646606Produced,Material produced,6670,g
6687796ProducedMaterialproduced2000g,6687796Produced,Material produced,2000,g
6641745ProducedMaterialproduced6250g,6641745Produced,Material produced,6250,g
6664141ProducedMaterialproduced3466.668g,6664141Produced,Material produced,3466.668,g
6655711ProducedMaterialproduced4000g,6655711Produced,Material produced,4000,g
6653560ProducedMaterialproduced40000g,6653560Produced,Material produced,40000,g
6832166ProducedMaterialproduced2666.668g,6832166Produced,Material produced,2666.668,g
6832167ProducedMaterialproduced1333.332g,6832167Produced,Material produced,1333.332,g
6834773ProducedMaterialproduced4500g,6834773Produced,Material produced,4500,g
6834774ProducedMaterialproduced3500g,6834774Produced,Material produced,3500,g
6870788ProducedMaterialproduced2500g,6870788Produced,Material produced,2500,g
6665971ProducedMaterialproduced30000g,6665971Produced,Material produced,30000,g
6660800ProducedMaterialproduced2133.332g,6660800Produced,Material produced,2133.332,g
6655504ProducedMaterialproduced30000g,6655504Produced,Material produced,30000,g
7181138ProducedMaterialproduced10000g,7181138Produced,Material produced,10000,g
7155140ProducedMaterialproduced21249.99g,7155140Produced,Material produced,21249.99,g
7170035ProducedMaterialproduced8166.662g,7170035Produced,Material produced,8166.662,g
7125192ProducedMaterialproduced6000g,7125192Produced,Material produced,6000,g
7133301ProducedMaterialproduced10000g,7133301Produced,Material produced,10000,g
6668446ProducedMaterialproduced5778g,6668446Produced,Material produced,5778,g
6667526ProducedMaterialproduced6000g,6667526Produced,Material produced,6000,g
6629834ProducedMaterialproduced21249.99g,6629834Produced,Material produced,21249.99,g
7252526ProducedMaterialproduced5333.336g,7252526Produced,Material produced,5333.336,g
6646839ProducedMaterialproduced16250g,6646839Produced,Material produced,16250,g
6991684ProducedMaterialproduced8496g,6991684Produced,Material produced,8496,g
6627152ProducedMaterialproduced9244.448g,6627152Produced,Material produced,9244.448,g
6776657ProducedMaterialproduced10000g,6776657Produced,Material produced,10000,g
7251972ProducedMaterialproduced10000g,7251972Produced,Material produced,10000,g
7249856ProducedMaterialproduced4800g,7249856Produced,Material produced,4800,g
7244796ProducedMaterialproduced3000g,7244796Produced,Material produced,3000,g
6899933ProducedMaterialproduced10000g,6899933Produced,Material produced,10000,g
7202053ProducedMaterialproduced13750g,7202053Produced,Material produced,13750,g
7252550ProducedMaterialproduced4000g,7252550Produced,Material produced,4000,g
7118432ProducedMaterialproduced20000g,7118432Produced,Material produced,20000,g
7257562ProducedMaterialproduced16000g,7257562Produced,Material produced,16000,g
6641906ProducedMaterialproduced6000g,6641906Produced,Material produced,6000,g
6652349ProducedMaterialproduced20000g,6652349Produced,Material produced,20000,g
7252538ProducedMaterialproduced4667.2g,7252538Produced,Material produced,4667.2,g
6896901ProducedMaterialproduced12500g,6896901Produced,Material produced,12500,g
6896904ProducedMaterialproduced7500g,6896904Produced,Material produced,7500,g
6622501ProducedMaterialproduced20000g,6622501Produced,Material produced,20000,g
7169500ProducedMaterialproduced6041.67g,7169500Produced,Material produced,6041.67,g
7144935ProducedMaterialproduced2250g,7144935Produced,Material produced,2250,g
7140474ProducedMaterialproduced10000g,7140474Produced,Material produced,10000,g
7121879ProducedMaterialproduced6000g,7121879Produced,Material produced,6000,g
7155674ProducedMaterialproduced6250g,7155674Produced,Material produced,6250,g
6624155ProducedMaterialproduced6000g,6624155Produced,Material produced,6000,g
6921064ProducedMaterialproduced6250g,6921064Produced,Material produced,6250,g
6647735ProducedMaterialproduced18RL,6647735Produced,Material produced,18,RL
6661148ProducedMaterialproduced10000g,6661148Produced,Material produced,10000,g
6657818ProducedMaterialproduced4000.002g,6657818Produced,Material produced,4000.002,g
6654635ProducedMaterialproduced2000g,6654635Produced,Material produced,2000,g
6681367ProducedMaterialproduced3200.4g,6681367Produced,Material produced,3200.4,g
6783936ProducedMaterialproduced5833.33g,6783936Produced,Material produced,5833.33,g
6783937ProducedMaterialproduced4166.67g,6783937Produced,Material produced,4166.67,g
7252561ProducedMaterialproduced3750g,7252561Produced,Material produced,3750,g
6852423ProducedMaterialproduced20000g,6852423Produced,Material produced,20000,g
6842529ProducedMaterialproduced20000g,6842529Produced,Material produced,20000,g
7024047ProducedMaterialproduced3499.998g,7024047Produced,Material produced,3499.998,g
6689563ProducedMaterialproduced10000g,6689563Produced,Material produced,10000,g
6686259ProducedMaterialproduced14000g,6686259Produced,Material produced,14000,g
6756111ProducedMaterialproduced4666.664g,6756111Produced,Material produced,4666.664,g
7126998ProducedMaterialproduced8000g,7126998Produced,Material produced,8000,g
6960548ProducedMaterialproduced7083.33g,6960548Produced,Material produced,7083.33,g
6877037ProducedMaterialproduced7080g,6877037Produced,Material produced,7080,g
6974794ProducedMaterialproduced6041.67g,6974794Produced,Material produced,6041.67,g
6972027ProducedMaterialproduced20000g,6972027Produced,Material produced,20000,g
6906375ProducedMaterialproduced5625g,6906375Produced,Material produced,5625,g
6916367ProducedMaterialproduced16000g,6916367Produced,Material produced,16000,g
6948604ProducedMaterialproduced6250g,6948604Produced,Material produced,6250,g
7211462ProducedMaterialproduced4666.4g,7211462Produced,Material produced,4666.4,g
6826027ProducedMaterialproduced20000g,6826027Produced,Material produced,20000,g
6870008ProducedMaterialproduced20000g,6870008Produced,Material produced,20000,g
7171431ProducedMaterialproduced4000.002g,7171431Produced,Material produced,4000.002,g
7160060ProducedMaterialproduced6500.004g,7160060Produced,Material produced,6500.004,g
6853848ProducedMaterialproduced3499.998g,6853848Produced,Material produced,3499.998,g
6987535ProducedMaterialproduced2332g,6987535Produced,Material produced,2332,g
6962066ProducedMaterialproduced10000g,6962066Produced,Material produced,10000,g
6960900ProducedMaterialproduced30000g,6960900Produced,Material produced,30000,g
7048037ProducedMaterialproduced4248g,7048037Produced,Material produced,4248,g
6926022ProducedMaterialproduced14000g,6926022Produced,Material produced,14000,g
6980964ProducedMaterialproduced4333.336g,6980964Produced,Material produced,4333.336,g
6840278ProducedMaterialproduced3252g,6840278Produced,Material produced,3252,g
6840279ProducedMaterialproduced2748g,6840279Produced,Material produced,2748,g
6959060ProducedMaterialproduced3499.8g,6959060Produced,Material produced,3499.8,g
7235499ProducedMaterialproduced10000g,7235499Produced,Material produced,10000,g
7207198ProducedMaterialproduced9333.338g,7207198Produced,Material produced,9333.338,g
7090056ProducedMaterialproduced2833.332g,7090056Produced,Material produced,2833.332,g
7057159ProducedMaterialproduced10000g,7057159Produced,Material produced,10000,g
7222436ProducedMaterialproduced20000g,7222436Produced,Material produced,20000,g
7208234ProducedMaterialproduced20000g,7208234Produced,Material produced,20000,g
7203185ProducedMaterialproduced20000g,7203185Produced,Material produced,20000,g
7020015ProducedMaterialproduced6042g,7020015Produced,Material produced,6042,g
6936232ProducedMaterialproduced31625g,6936232Produced,Material produced,31625,g
7038114ProducedMaterialproduced1250g,7038114Produced,Material produced,1250,g
7038255ProducedMaterialproduced2500g,7038255Produced,Material produced,2500,g
6957361ProducedMaterialproduced18RL,6957361Produced,Material produced,18,RL
6943692ProducedMaterialproduced14000g,6943692Produced,Material produced,14000,g
6930431ProducedMaterialproduced20000g,6930431Produced,Material produced,20000,g
7252822ProducedMaterialproduced7083.33g,7252822Produced,Material produced,7083.33,g
7209160ProducedMaterialproduced3000g,7209160Produced,Material produced,3000,g
7196439ProducedMaterialproduced2000g,7196439Produced,Material produced,2000,g
7212028ProducedMaterialproduced6000g,7212028Produced,Material produced,6000,g
7045834ProducedMaterialproduced26000g,7045834Produced,Material produced,26000,g
6991971ProducedMaterialproduced2000g,6991971Produced,Material produced,2000,g
6861940ProducedMaterialproduced5833.33g,6861940Produced,Material produced,5833.33,g
6831567ProducedMaterialproduced6445g,6831567Produced,Material produced,6445,g
6831568ProducedMaterialproduced3555g,6831568Produced,Material produced,3555,g
6861941ProducedMaterialproduced4166.67g,6861941Produced,Material produced,4166.67,g
6854155ProducedMaterialproduced30000g,6854155Produced,Material produced,30000,g
6815437ProducedMaterialproduced6222.22g,6815437Produced,Material produced,6222.22,g
6815438ProducedMaterialproduced3777.78g,6815438Produced,Material produced,3777.78,g
6805460ProducedMaterialproduced2000g,6805460Produced,Material produced,2000,g
6830608ProducedMaterialproduced18000g,6830608Produced,Material produced,18000,g
6830609ProducedMaterialproduced6000g,6830609Produced,Material produced,6000,g
6867023ProducedMaterialproduced5416.67g,6867023Produced,Material produced,5416.67,g
6867024ProducedMaterialproduced4583.33g,6867024Produced,Material produced,4583.33,g
6937524ProducedMaterialproduced10000g,6937524Produced,Material produced,10000,g
6980401ProducedMaterialproduced2668g,6980401Produced,Material produced,2668,g
7115193ProducedMaterialproduced7875g,7115193Produced,Material produced,7875,g
6808601ProducedMaterialproduced10833.34g,6808601Produced,Material produced,10833.34,g
6808602ProducedMaterialproduced9166.66g,6808602Produced,Material produced,9166.66,g
7192793ProducedMaterialproduced6000g,7192793Produced,Material produced,6000,g
7182030ProducedMaterialproduced16000g,7182030Produced,Material produced,16000,g
6904272ProducedMaterialproduced6000g,6904272Produced,Material produced,6000,g
6904845ProducedMaterialproduced3750g,6904845Produced,Material produced,3750,g
7213445ProducedMaterialproduced10000g,7213445Produced,Material produced,10000,g
7180275ProducedMaterialproduced3499.8g,7180275Produced,Material produced,3499.8,g
6921014ProducedMaterialproduced4000g,6921014Produced,Material produced,4000,g
6974848ProducedMaterialproduced4666.664g,6974848Produced,Material produced,4666.664,g
7106013ProducedMaterialproduced5664g,7106013Produced,Material produced,5664,g
7094336ProducedMaterialproduced30000g,7094336Produced,Material produced,30000,g
7271181ProducedMaterialproduced10000g,7271181Produced,Material produced,10000,g
7203272ProducedMaterialproduced4666.664g,7203272Produced,Material produced,4666.664,g
6865368ProducedMaterialproduced3750g,6865368Produced,Material produced,3750,g
6865369ProducedMaterialproduced2250g,6865369Produced,Material produced,2250,g
7167653ProducedMaterialproduced30000g,7167653Produced,Material produced,30000,g
7271147ProducedMaterialproduced5833.33g,7271147Produced,Material produced,5833.33,g
7243785ProducedMaterialproduced2000g,7243785Produced,Material produced,2000,g
6931956ProducedMaterialproduced2000g,6931956Produced,Material produced,2000,g
7011829ProducedMaterialproduced14000g,7011829Produced,Material produced,14000,g
6937078ProducedMaterialproduced3499.998g,6937078Produced,Material produced,3499.998,g
6968477ProducedMaterialproduced6250g,6968477Produced,Material produced,6250,g
7182071ProducedMaterialproduced13750g,7182071Produced,Material produced,13750,g
6894920ProducedMaterialproduced9333.328g,6894920Produced,Material produced,9333.328,g
6958199ProducedMaterialproduced8750g,6958199Produced,Material produced,8750,g
7051201ProducedMaterialproduced6666.67g,7051201Produced,Material produced,6666.67,g
6979968ProducedMaterialproduced7083.33g,6979968Produced,Material produced,7083.33,g
7239100ProducedMaterialproduced6445g,7239100Produced,Material produced,6445,g
6896610ProducedMaterialproduced6000g,6896610Produced,Material produced,6000,g
7074302ProducedMaterialproduced18666.676g,7074302Produced,Material produced,18666.676,g
7249411ProducedMaterialproduced23333.32g,7249411Produced,Material produced,23333.32,g
7253060ProducedMaterialproduced15022.228g,7253060Produced,Material produced,15022.228,g
6961333ProducedMaterialproduced8166.662g,6961333Produced,Material produced,8166.662,g
6934110ProducedMaterialproduced3625.002g,6934110Produced,Material produced,3625.002,g
6950346ProducedMaterialproduced24072g,6950346Produced,Material produced,24072,g
6950397ProducedMaterialproduced2000g,6950397Produced,Material produced,2000,g
6896443ProducedMaterialproduced4000g,6896443Produced,Material produced,4000,g
6917137ProducedMaterialproduced6000g,6917137Produced,Material produced,6000,g
6911799ProducedMaterialproduced4500g,6911799Produced,Material produced,4500,g
7210717ProducedMaterialproduced8666.672g,7210717Produced,Material produced,8666.672,g
7183721ProducedMaterialproduced20000g,7183721Produced,Material produced,20000,g
7216285ProducedMaterialproduced26000g,7216285Produced,Material produced,26000,g
6968033ProducedMaterialproduced20000g,6968033Produced,Material produced,20000,g
6963879ProducedMaterialproduced5416.67g,6963879Produced,Material produced,5416.67,g
6971940ProducedMaterialproduced4002g,6971940Produced,Material produced,4002,g
6945432ProducedMaterialproduced6000g,6945432Produced,Material produced,6000,g
6952917ProducedMaterialproduced10000g,6952917Produced,Material produced,10000,g
6964407ProducedMaterialproduced4000.2g,6964407Produced,Material produced,4000.2,g
7070320ProducedMaterialproduced10000g,7070320Produced,Material produced,10000,g
7021595ProducedMaterialproduced4000.2g,7021595Produced,Material produced,4000.2,g
6960530ProducedMaterialproduced36000g,6960530Produced,Material produced,36000,g
6958179ProducedMaterialproduced6666.67g,6958179Produced,Material produced,6666.67,g
7089683ProducedMaterialproduced7500g,7089683Produced,Material produced,7500,g
6931816ProducedMaterialproduced2500g,6931816Produced,Material produced,2500,g
6775982ProducedMaterialproduced20000g,6775982Produced,Material produced,20000,g
6766037ProducedMaterialproduced2500g,6766037Produced,Material produced,2500,g
6766038ProducedMaterialproduced1500g,6766038Produced,Material produced,1500,g
6772249ProducedMaterialproduced11250g,6772249Produced,Material produced,11250,g
6777719ProducedMaterialproduced20000g,6777719Produced,Material produced,20000,g
6740637ProducedMaterialproduced6999.996g,6740637Produced,Material produced,6999.996,g
6742687ProducedMaterialproduced3625.2g,6742687Produced,Material produced,3625.2,g
7256333ProducedMaterialproduced10000g,7256333Produced,Material produced,10000,g
6858823ProducedMaterialproduced2833.332g,6858823Produced,Material produced,2833.332,g
6754054ProducedMaterialproduced6500.004g,6754054Produced,Material produced,6500.004,g
6762614ProducedMaterialproduced3000g,6762614Produced,Material produced,3000,g
6788619ProducedMaterialproduced4000g,6788619Produced,Material produced,4000,g
6741730ProducedMaterialproduced7500g,6741730Produced,Material produced,7500,g
6836521ProducedMaterialproduced3250.002g,6836521Produced,Material produced,3250.002,g
6836522ProducedMaterialproduced2749.998g,6836522Produced,Material produced,2749.998,g
6815427ProducedMaterialproduced2000g,6815427Produced,Material produced,2000,g
7150726ProducedMaterialproduced10000g,7150726Produced,Material produced,10000,g
6765373ProducedMaterialproduced11666.66g,6765373Produced,Material produced,11666.66,g
6755306ProducedMaterialproduced2000g,6755306Produced,Material produced,2000,g
6767731ProducedMaterialproduced18RL,6767731Produced,Material produced,18,RL
6754902ProducedMaterialproduced13333.34g,6754902Produced,Material produced,13333.34,g
6884536ProducedMaterialproduced20000g,6884536Produced,Material produced,20000,g
6772934ProducedMaterialproduced12083.34g,6772934Produced,Material produced,12083.34,g
6757675ProducedMaterialproduced10000g,6757675Produced,Material produced,10000,g
6747679ProducedMaterialproduced13750g,6747679Produced,Material produced,13750,g
6997558ProducedMaterialproduced10833.34g,6997558Produced,Material produced,10833.34,g
7039183ProducedMaterialproduced8750g,7039183Produced,Material produced,8750,g
7046503ProducedMaterialproduced4666.664g,7046503Produced,Material produced,4666.664,g
7013625ProducedMaterialproduced6250g,7013625Produced,Material produced,6250,g
7074374ProducedMaterialproduced3750g,7074374Produced,Material produced,3750,g
7019773ProducedMaterialproduced24000g,7019773Produced,Material produced,24000,g
6991175ProducedMaterialproduced13750g,6991175Produced,Material produced,13750,g
7028790ProducedMaterialproduced10000g,7028790Produced,Material produced,10000,g
7022436ProducedMaterialproduced18666.676g,7022436Produced,Material produced,18666.676,g
7256378ProducedMaterialproduced26000g,7256378Produced,Material produced,26000,g
7068385ProducedMaterialproduced24000g,7068385Produced,Material produced,24000,g
7122749ProducedMaterialproduced40000g,7122749Produced,Material produced,40000,g
7006942ProducedMaterialproduced2418.8g,7006942Produced,Material produced,2418.8,g
7061463ProducedMaterialproduced3628.2g,7061463Produced,Material produced,3628.2,g
7115170ProducedMaterialproduced20000g,7115170Produced,Material produced,20000,g
7147190ProducedMaterialproduced6000g,7147190Produced,Material produced,6000,g
7167936ProducedMaterialproduced26000g,7167936Produced,Material produced,26000,g
7178981ProducedMaterialproduced2832g,7178981Produced,Material produced,2832,g
7233924ProducedMaterialproduced5000g,7233924Produced,Material produced,5000,g
7241648ProducedMaterialproduced10000g,7241648Produced,Material produced,10000,g
7263727ProducedMaterialproduced18573g,7263727Produced,Material produced,18573,g
7057401ProducedMaterialproduced7555.56g,7057401Produced,Material produced,7555.56,g
7052080ProducedMaterialproduced14000g,7052080Produced,Material produced,14000,g
7047096ProducedMaterialproduced4248g,7047096Produced,Material produced,4248,g
7044628ProducedMaterialproduced6500.004g,7044628Produced,Material produced,6500.004,g
7037866ProducedMaterialproduced30000g,7037866Produced,Material produced,30000,g
7035461ProducedMaterialproduced2723.404g,7035461Produced,Material produced,2723.404,g
7271693ProducedMaterialproduced30000g,7271693Produced,Material produced,30000,g
7271135ProducedMaterialproduced3625.002g,7271135Produced,Material produced,3625.002,g
7256424ProducedMaterialproduced20000g,7256424Produced,Material produced,20000,g
7256434ProducedMaterialproduced8000g,7256434Produced,Material produced,8000,g
7075997ProducedMaterialproduced40000g,7075997Produced,Material produced,40000,g
7195966ProducedMaterialproduced4002g,7195966Produced,Material produced,4002,g
7007054ProducedMaterialproduced6042g,7007054Produced,Material produced,6042,g
7130403ProducedMaterialproduced15000g,7130403Produced,Material produced,15000,g
7271123ProducedMaterialproduced13750g,7271123Produced,Material produced,13750,g
7206161ProducedMaterialproduced10000g,7206161Produced,Material produced,10000,g
7175543ProducedMaterialproduced3750g,7175543Produced,Material produced,3750,g
7268951ProducedMaterialproduced7083.33g,7268951Produced,Material produced,7083.33,g
6975475ProducedMaterialproduced6250g,6975475Produced,Material produced,6250,g
7055813ProducedMaterialproduced5000g,7055813Produced,Material produced,5000,g
7091913ProducedMaterialproduced2416.668g,7091913Produced,Material produced,2416.668,g
6986022ProducedMaterialproduced7583.338g,6986022Produced,Material produced,7583.338,g
7073277ProducedMaterialproduced4666.4g,7073277Produced,Material produced,4666.4,g
7177524ProducedMaterialproduced17500g,7177524Produced,Material produced,17500,g
6987249ProducedMaterialproduced5000g,6987249Produced,Material produced,5000,g
7186188ProducedMaterialproduced14000g,7186188Produced,Material produced,14000,g
7190850ProducedMaterialproduced6000g,7190850Produced,Material produced,6000,g
7193320ProducedMaterialproduced5000g,7193320Produced,Material produced,5000,g
7017234ProducedMaterialproduced7083.33g,7017234Produced,Material produced,7083.33,g
7068539ProducedMaterialproduced20000g,7068539Produced,Material produced,20000,g
7027556ProducedMaterialproduced1416.666g,7027556Produced,Material produced,1416.666,g
7058344ProducedMaterialproduced20000g,7058344Produced,Material produced,20000,g
7118364ProducedMaterialproduced9900g,7118364Produced,Material produced,9900,g
7092808ProducedMaterialproduced8000g,7092808Produced,Material produced,8000,g
7046893ProducedMaterialproduced20000g,7046893Produced,Material produced,20000,g
7023877ProducedMaterialproduced10000g,7023877Produced,Material produced,10000,g
7037701ProducedMaterialproduced5666.664g,7037701Produced,Material produced,5666.664,g
7141033ProducedMaterialproduced2418.8g,7141033Produced,Material produced,2418.8,g
7012306ProducedMaterialproduced20000g,7012306Produced,Material produced,20000,g
7003136ProducedMaterialproduced5666.664g,7003136Produced,Material produced,5666.664,g
7005437ProducedMaterialproduced4000g,7005437Produced,Material produced,4000,g
7236120ProducedMaterialproduced12500g,7236120Produced,Material produced,12500,g
7252648ProducedMaterialproduced10000g,7252648Produced,Material produced,10000,g
7259370ProducedMaterialproduced5666.664g,7259370Produced,Material produced,5666.664,g
7189739ProducedMaterialproduced10000g,7189739Produced,Material produced,10000,g
7140576ProducedMaterialproduced18000g,7140576Produced,Material produced,18000,g
7063235ProducedMaterialproduced11333.328g,7063235Produced,Material produced,11333.328,g
7137375ProducedMaterialproduced14000g,7137375Produced,Material produced,14000,g
7033173ProducedMaterialproduced12500g,7033173Produced,Material produced,12500,g
7122942ProducedMaterialproduced6000g,7122942Produced,Material produced,6000,g
7270984ProducedMaterialproduced30000g,7270984Produced,Material produced,30000,g
7251128ProducedMaterialproduced18RL,7251128Produced,Material produced,18,RL
7254362ProducedMaterialproduced10000g,7254362Produced,Material produced,10000,g
7082290ProducedMaterialproduced4000.2g,7082290Produced,Material produced,4000.2,g
7002428ProducedMaterialproduced20000g,7002428Produced,Material produced,20000,g
7027010ProducedMaterialproduced8166.662g,7027010Produced,Material produced,8166.662,g
7017000ProducedMaterialproduced7740g,7017000Produced,Material produced,7740,g
7196330ProducedMaterialproduced27000g,7196330Produced,Material produced,27000,g
7033359ProducedMaterialproduced2500g,7033359Produced,Material produced,2500,g
7021605ProducedMaterialproduced4622.224g,7021605Produced,Material produced,4622.224,g
7015136ProducedMaterialproduced4667.2g,7015136Produced,Material produced,4667.2,g
7015006ProducedMaterialproduced8000g,7015006Produced,Material produced,8000,g
7139406ProducedMaterialproduced30000g,7139406Produced,Material produced,30000,g
7099732ProducedMaterialproduced9333.328g,7099732Produced,Material produced,9333.328,g
7159928ProducedMaterialproduced20000g,7159928Produced,Material produced,20000,g
7202659ProducedMaterialproduced20000g,7202659Produced,Material produced,20000,g
7191584ProducedMaterialproduced8000g,7191584Produced,Material produced,8000,g
7110722ProducedMaterialproduced4833.336g,7110722Produced,Material produced,4833.336,g
7134315ProducedMaterialproduced13500g,7134315Produced,Material produced,13500,g
7034404ProducedMaterialproduced12000.006g,7034404Produced,Material produced,12000.006,g
7035222ProducedMaterialproduced21249.99g,7035222Produced,Material produced,21249.99,g
6986492ProducedMaterialproduced20000g,6986492Produced,Material produced,20000,g
6993777ProducedMaterialproduced6504g,6993777Produced,Material produced,6504,g
7215322ProducedMaterialproduced5833.33g,7215322Produced,Material produced,5833.33,g
7256651ProducedMaterialproduced7500g,7256651Produced,Material produced,7500,g
7252371ProducedMaterialproduced4333.336g,7252371Produced,Material produced,4333.336,g
7252383ProducedMaterialproduced4249.998g,7252383Produced,Material produced,4249.998,g
7101040ProducedMaterialproduced3499.998g,7101040Produced,Material produced,3499.998,g
7095132ProducedMaterialproduced9066.6624g,7095132Produced,Material produced,9066.6624,g
7083002ProducedMaterialproduced2500g,7083002Produced,Material produced,2500,g
7099673ProducedMaterialproduced8166.662g,7099673Produced,Material produced,8166.662,g
7152477ProducedMaterialproduced3250.002g,7152477Produced,Material produced,3250.002,g
7129150ProducedMaterialproduced6000g,7129150Produced,Material produced,6000,g
7124149ProducedMaterialproduced2666.4g,7124149Produced,Material produced,2666.4,g
7271170ProducedMaterialproduced3499.998g,7271170Produced,Material produced,3499.998,g
7271171ProducedMaterialproduced2500.002g,7271171Produced,Material produced,2500.002,g
7256662ProducedMaterialproduced4333.336g,7256662Produced,Material produced,4333.336,g
7257479ProducedMaterialproduced10499.994g,7257479Produced,Material produced,10499.994,g
7256684ProducedMaterialproduced5332.8g,7256684Produced,Material produced,5332.8,g
7256685ProducedMaterialproduced2667.2g,7256685Produced,Material produced,2667.2,g
7256695ProducedMaterialproduced20000g,7256695Produced,Material produced,20000,g
7271159ProducedMaterialproduced8166.662g,7271159Produced,Material produced,8166.662,g
7256705ProducedMaterialproduced10000g,7256705Produced,Material produced,10000,g
7237965ProducedMaterialproduced8000g,7237965Produced,Material produced,8000,g
7216222ProducedMaterialproduced3750g,7216222Produced,Material produced,3750,g
7223321ProducedMaterialproduced20000g,7223321Produced,Material produced,20000,g
7231862ProducedMaterialproduced14160g,7231862Produced,Material produced,14160,g
7270178ProducedMaterialproduced20000g,7270178Produced,Material produced,20000,g
7233167ProducedMaterialproduced15111.12g,7233167Produced,Material produced,15111.12,g
7250339ProducedMaterialproduced5000g,7250339Produced,Material produced,5000,g
6754520ConsumedMaterialconsumed2000g,6754520Consumed,Material consumed,2000,g
6714079ConsumedMaterialconsumed4500g,6714079Consumed,Material consumed,4500,g
6727022ConsumedMaterialconsumed5625g,6727022Consumed,Material consumed,5625,g
6818712ConsumedMaterialconsumed20000.01g,6818712Consumed,Material consumed,20000.01,g
6818713ConsumedMaterialconsumed9999.99g,6818713Consumed,Material consumed,9999.99,g
6610280ConsumedMaterialconsumed10000g,6610280Consumed,Material consumed,10000,g
6863083ConsumedMaterialconsumed28000g,6863083Consumed,Material consumed,28000,g
6814992ConsumedMaterialconsumed3499.998g,6814992Consumed,Material consumed,3499.998,g
6814993ConsumedMaterialconsumed2500.002g,6814993Consumed,Material consumed,2500.002,g
6808396ConsumedMaterialconsumed10000g,6808396Consumed,Material consumed,10000,g
6859833ConsumedMaterialconsumed10000g,6859833Consumed,Material consumed,10000,g
6802194ConsumedMaterialconsumed40000g,6802194Consumed,Material consumed,40000,g
6819237ConsumedMaterialconsumed10000g,6819237Consumed,Material consumed,10000,g
7019441ConsumedMaterialconsumed16000g,7019441Consumed,Material consumed,16000,g
6863420ConsumedMaterialconsumed8000g,6863420Consumed,Material consumed,8000,g
6848154ConsumedMaterialconsumed10000g,6848154Consumed,Material consumed,10000,g
6929124ConsumedMaterialconsumed40000g,6929124Consumed,Material consumed,40000,g
6774844ConsumedMaterialconsumed12000g,6774844Consumed,Material consumed,12000,g
6687638ConsumedMaterialconsumed5666.664g,6687638Consumed,Material consumed,5666.664,g
6691920ConsumedMaterialconsumed6000g,6691920Consumed,Material consumed,6000,g
6679696ConsumedMaterialconsumed2168g,6679696Consumed,Material consumed,2168,g
6693528ConsumedMaterialconsumed10000g,6693528Consumed,Material consumed,10000,g
6682984ConsumedMaterialconsumed10000g,6682984Consumed,Material consumed,10000,g
6662876ConsumedMaterialconsumed5000g,6662876Consumed,Material consumed,5000,g
6677379ConsumedMaterialconsumed8000g,6677379Consumed,Material consumed,8000,g
6638952ConsumedMaterialconsumed20625g,6638952Consumed,Material consumed,20625,g
6623681ConsumedMaterialconsumed4500g,6623681Consumed,Material consumed,4500,g
6896731ConsumedMaterialconsumed3499.8g,6896731Consumed,Material consumed,3499.8,g
6896732ConsumedMaterialconsumed2500.2g,6896732Consumed,Material consumed,2500.2,g
6766539ConsumedMaterialconsumed10000g,6766539Consumed,Material consumed,10000,g
6621336ConsumedMaterialconsumed4000g,6621336Consumed,Material consumed,4000,g
7263612ConsumedMaterialconsumed20000g,7263612Consumed,Material consumed,20000,g
7264633ConsumedMaterialconsumed38000g,7264633Consumed,Material consumed,38000,g
7246876ConsumedMaterialconsumed4336g,7246876Consumed,Material consumed,4336,g
7048798ConsumedMaterialconsumed4664g,7048798Consumed,Material consumed,4664,g
7142979ConsumedMaterialconsumed5833.33g,7142979Consumed,Material consumed,5833.33,g
7050513ConsumedMaterialconsumed4500g,7050513Consumed,Material consumed,4500,g
6762932ConsumedMaterialconsumed7083.33g,6762932Consumed,Material consumed,7083.33,g
6762933ConsumedMaterialconsumed2916.67g,6762933Consumed,Material consumed,2916.67,g
6748736ConsumedMaterialconsumed12000g,6748736Consumed,Material consumed,12000,g
6953239ConsumedMaterialconsumed30000g,6953239Consumed,Material consumed,30000,g
6820964ConsumedMaterialconsumed3625.002g,6820964Consumed,Material consumed,3625.002,g
6820965ConsumedMaterialconsumed2374.998g,6820965Consumed,Material consumed,2374.998,g
6730180ConsumedMaterialconsumed8166.662g,6730180Consumed,Material consumed,8166.662,g
6666717ConsumedMaterialconsumed6250g,6666717Consumed,Material consumed,6250,g
6678713ConsumedMaterialconsumed4664g,6678713Consumed,Material consumed,4664,g
6760178ConsumedMaterialconsumed2500g,6760178Consumed,Material consumed,2500,g
6762615ConsumedMaterialconsumed1000g,6762615Consumed,Material consumed,1000,g
6711997ConsumedMaterialconsumed11250g,6711997Consumed,Material consumed,11250,g
6723937ConsumedMaterialconsumed30000g,6723937Consumed,Material consumed,30000,g
6891455ConsumedMaterialconsumed5666.664g,6891455Consumed,Material consumed,5666.664,g
6891456ConsumedMaterialconsumed2333.336g,6891456Consumed,Material consumed,2333.336,g
6835037ConsumedMaterialconsumed4248g,6835037Consumed,Material consumed,4248,g
6835038ConsumedMaterialconsumed1752g,6835038Consumed,Material consumed,1752,g
6691219ConsumedMaterialconsumed5600g,6691219Consumed,Material consumed,5600,g
6653074ConsumedMaterialconsumed2755.6g,6653074Consumed,Material consumed,2755.6,g
6810069ConsumedMaterialconsumed10000g,6810069Consumed,Material consumed,10000,g
6810070ConsumedMaterialconsumed6000g,6810070Consumed,Material consumed,6000,g
6645050ConsumedMaterialconsumed10000g,6645050Consumed,Material consumed,10000,g
6702287ConsumedMaterialconsumed22400g,6702287Consumed,Material consumed,22400,g
6759367ConsumedMaterialconsumed2000g,6759367Consumed,Material consumed,2000,g
6771831ConsumedMaterialconsumed7083.33g,6771831Consumed,Material consumed,7083.33,g
7177760ConsumedMaterialconsumed5420g,7177760Consumed,Material consumed,5420,g
6898160ConsumedMaterialconsumed10000g,6898160Consumed,Material consumed,10000,g
6888930ConsumedMaterialconsumed6667g,6888930Consumed,Material consumed,6667,g
6777392ConsumedMaterialconsumed10000g,6777392Consumed,Material consumed,10000,g
6726768ConsumedMaterialconsumed20000g,6726768Consumed,Material consumed,20000,g
7101070ConsumedMaterialconsumed4333.336g,7101070Consumed,Material consumed,4333.336,g
6890703ConsumedMaterialconsumed21250g,6890703Consumed,Material consumed,21250,g
6937537ConsumedMaterialconsumed20000g,6937537Consumed,Material consumed,20000,g
6990390ConsumedMaterialconsumed7500g,6990390Consumed,Material consumed,7500,g
7011074ConsumedMaterialconsumed6250g,7011074Consumed,Material consumed,6250,g
6934896ConsumedMaterialconsumed5333.336g,6934896Consumed,Material consumed,5333.336,g
6950743ConsumedMaterialconsumed6000g,6950743Consumed,Material consumed,6000,g
6672821ConsumedMaterialconsumed9666.672g,6672821Consumed,Material consumed,9666.672,g
6818172ConsumedMaterialconsumed5333.336g,6818172Consumed,Material consumed,5333.336,g
6818173ConsumedMaterialconsumed2666.664g,6818173Consumed,Material consumed,2666.664,g
6839235ConsumedMaterialconsumed8750g,6839235Consumed,Material consumed,8750,g
6839236ConsumedMaterialconsumed5250g,6839236Consumed,Material consumed,5250,g
6781022ConsumedMaterialconsumed7583.338g,6781022Consumed,Material consumed,7583.338,g
6781023ConsumedMaterialconsumed6416.662g,6781023Consumed,Material consumed,6416.662,g
6735422ConsumedMaterialconsumed8458.338g,6735422Consumed,Material consumed,8458.338,g
6680840ConsumedMaterialconsumed2666.668g,6680840Consumed,Material consumed,2666.668,g
6764594ConsumedMaterialconsumed14000g,6764594Consumed,Material consumed,14000,g
6795893ConsumedMaterialconsumed16000g,6795893Consumed,Material consumed,16000,g
6919349ConsumedMaterialconsumed9333.338g,6919349Consumed,Material consumed,9333.338,g
6894757ConsumedMaterialconsumed6000g,6894757Consumed,Material consumed,6000,g
6879381ConsumedMaterialconsumed46000g,6879381Consumed,Material consumed,46000,g
6899318ConsumedMaterialconsumed10000g,6899318Consumed,Material consumed,10000,g
6804856ConsumedMaterialconsumed5333.336g,6804856Consumed,Material consumed,5333.336,g
6804857ConsumedMaterialconsumed2666.664g,6804857Consumed,Material consumed,2666.664,g
6835004ConsumedMaterialconsumed6000g,6835004Consumed,Material consumed,6000,g
6835005ConsumedMaterialconsumed4000g,6835005Consumed,Material consumed,4000,g
6843205ConsumedMaterialconsumed2583.6g,6843205Consumed,Material consumed,2583.6,g
6843206ConsumedMaterialconsumed1416.4g,6843206Consumed,Material consumed,1416.4,g
6902058ConsumedMaterialconsumed11000g,6902058Consumed,Material consumed,11000,g
6832137ConsumedMaterialconsumed3750g,6832137Consumed,Material consumed,3750,g
6832138ConsumedMaterialconsumed2250g,6832138Consumed,Material consumed,2250,g
6901633ConsumedMaterialconsumed6250g,6901633Consumed,Material consumed,6250,g
6875253ConsumedMaterialconsumed5833.33g,6875253Consumed,Material consumed,5833.33,g
7120554ConsumedMaterialconsumed3250.2g,7120554Consumed,Material consumed,3250.2,g
7134015ConsumedMaterialconsumed2325.6g,7134015Consumed,Material consumed,2325.6,g
6620234ConsumedMaterialconsumed10000g,6620234Consumed,Material consumed,10000,g
6625447ConsumedMaterialconsumed6250g,6625447Consumed,Material consumed,6250,g
7216796ConsumedMaterialconsumed5416.67g,7216796Consumed,Material consumed,5416.67,g
6978957ConsumedMaterialconsumed2250g,6978957Consumed,Material consumed,2250,g
7029755ConsumedMaterialconsumed2333.2g,7029755Consumed,Material consumed,2333.2,g
6772279ConsumedMaterialconsumed2000g,6772279Consumed,Material consumed,2000,g
6678750ConsumedMaterialconsumed30000g,6678750Consumed,Material consumed,30000,g
6760910ConsumedMaterialconsumed30000g,6760910Consumed,Material consumed,30000,g
7063695ConsumedMaterialconsumed9916.662g,7063695Consumed,Material consumed,9916.662,g
6715848ConsumedMaterialconsumed2000g,6715848Consumed,Material consumed,2000,g
6748519ConsumedMaterialconsumed4833.336g,6748519Consumed,Material consumed,4833.336,g
6738518ConsumedMaterialconsumed4000.002g,6738518Consumed,Material consumed,4000.002,g
6676699ConsumedMaterialconsumed10000g,6676699Consumed,Material consumed,10000,g
6698118ConsumedMaterialconsumed22000g,6698118Consumed,Material consumed,22000,g
6686123ConsumedMaterialconsumed20000g,6686123Consumed,Material consumed,20000,g
6664818ConsumedMaterialconsumed1155.556g,6664818Consumed,Material consumed,1155.556,g
7104678ConsumedMaterialconsumed6666.67g,7104678Consumed,Material consumed,6666.67,g
6660013ConsumedMaterialconsumed2000g,6660013Consumed,Material consumed,2000,g
7134442ConsumedMaterialconsumed20000g,7134442Consumed,Material consumed,20000,g
7185998ConsumedMaterialconsumed10000g,7185998Consumed,Material consumed,10000,g
6713418ConsumedMaterialconsumed20000g,6713418Consumed,Material consumed,20000,g
6695937ConsumedMaterialconsumed30000g,6695937Consumed,Material consumed,30000,g
6704438ConsumedMaterialconsumed30000g,6704438Consumed,Material consumed,30000,g
6843809ConsumedMaterialconsumed10500g,6843809Consumed,Material consumed,10500,g
6843810ConsumedMaterialconsumed3500g,6843810Consumed,Material consumed,3500,g
6695906ConsumedMaterialconsumed6500.004g,6695906Consumed,Material consumed,6500.004,g
6715479ConsumedMaterialconsumed14000g,6715479Consumed,Material consumed,14000,g
6902461ConsumedMaterialconsumed9333.328g,6902461Consumed,Material consumed,9333.328,g
7089087ConsumedMaterialconsumed4000.002g,7089087Consumed,Material consumed,4000.002,g
7086146ConsumedMaterialconsumed3252g,7086146Consumed,Material consumed,3252,g
7083138ConsumedMaterialconsumed12000g,7083138Consumed,Material consumed,12000,g
7082190ConsumedMaterialconsumed20000g,7082190Consumed,Material consumed,20000,g
7139258ConsumedMaterialconsumed4000g,7139258Consumed,Material consumed,4000,g
6945458ConsumedMaterialconsumed4000g,6945458Consumed,Material consumed,4000,g
6935628ConsumedMaterialconsumed6875g,6935628Consumed,Material consumed,6875,g
7089184ConsumedMaterialconsumed7467.6g,7089184Consumed,Material consumed,7467.6,g
7080409ConsumedMaterialconsumed40000g,7080409Consumed,Material consumed,40000,g
7183740ConsumedMaterialconsumed16000g,7183740Consumed,Material consumed,16000,g
7077966ConsumedMaterialconsumed4249.998g,7077966Consumed,Material consumed,4249.998,g
7093958ConsumedMaterialconsumed2000g,7093958Consumed,Material consumed,2000,g
6772239ConsumedMaterialconsumed8666.672g,6772239Consumed,Material consumed,8666.672,g
6787113ConsumedMaterialconsumed20000g,6787113Consumed,Material consumed,20000,g
6717919ConsumedMaterialconsumed11250g,6717919Consumed,Material consumed,11250,g
6914790ConsumedMaterialconsumed16000g,6914790Consumed,Material consumed,16000,g
6854184ConsumedMaterialconsumed26000g,6854184Consumed,Material consumed,26000,g
6857189ConsumedMaterialconsumed3750g,6857189Consumed,Material consumed,3750,g
6830736ConsumedMaterialconsumed2488.888g,6830736Consumed,Material consumed,2488.888,g
6830737ConsumedMaterialconsumed1511.112g,6830737Consumed,Material consumed,1511.112,g
6843940ConsumedMaterialconsumed1250g,6843940Consumed,Material consumed,1250,g
7101106ConsumedMaterialconsumed20000g,7101106Consumed,Material consumed,20000,g
7103716ConsumedMaterialconsumed18750g,7103716Consumed,Material consumed,18750,g
7075267ConsumedMaterialconsumed2416.8g,7075267Consumed,Material consumed,2416.8,g
6755255ConsumedMaterialconsumed8000g,6755255Consumed,Material consumed,8000,g
6764928ConsumedMaterialconsumed4000.002g,6764928Consumed,Material consumed,4000.002,g
6764929ConsumedMaterialconsumed1999.998g,6764929Consumed,Material consumed,1999.998,g
6863028ConsumedMaterialconsumed6999.996g,6863028Consumed,Material consumed,6999.996,g
6746637ConsumedMaterialconsumed10000g,6746637Consumed,Material consumed,10000,g
6635459ConsumedMaterialconsumed10000g,6635459Consumed,Material consumed,10000,g
6761174ConsumedMaterialconsumed20000g,6761174Consumed,Material consumed,20000,g
6666003ConsumedMaterialconsumed20000g,6666003Consumed,Material consumed,20000,g
6653046ConsumedMaterialconsumed2000g,6653046Consumed,Material consumed,2000,g
6830432ConsumedMaterialconsumed16000g,6830432Consumed,Material consumed,16000,g
6837072ConsumedMaterialconsumed2166.668g,6837072Consumed,Material consumed,2166.668,g
6843917ConsumedMaterialconsumed2250g,6843917Consumed,Material consumed,2250,g
6843918ConsumedMaterialconsumed1750g,6843918Consumed,Material consumed,1750,g
7263895ConsumedMaterialconsumed14000g,7263895Consumed,Material consumed,14000,g
6972475ConsumedMaterialconsumed6041.67g,6972475Consumed,Material consumed,6041.67,g
6831352ConsumedMaterialconsumed7500g,6831352Consumed,Material consumed,7500,g
6831353ConsumedMaterialconsumed4500g,6831353Consumed,Material consumed,4500,g
6835502ConsumedMaterialconsumed2222g,6835502Consumed,Material consumed,2222,g
6835503ConsumedMaterialconsumed1778g,6835503Consumed,Material consumed,1778,g
6827901ConsumedMaterialconsumed13000.008g,6827901Consumed,Material consumed,13000.008,g
6827902ConsumedMaterialconsumed10999.992g,6827902Consumed,Material consumed,10999.992,g
6830832ConsumedMaterialconsumed18416.658g,6830832Consumed,Material consumed,18416.658,g
6830833ConsumedMaterialconsumed7583.342g,6830833Consumed,Material consumed,7583.342,g
7271111ConsumedMaterialconsumed3750g,7271111Consumed,Material consumed,3750,g
7238589ConsumedMaterialconsumed20000g,7238589Consumed,Material consumed,20000,g
6800878ConsumedMaterialconsumed10000g,6800878Consumed,Material consumed,10000,g
7144355ConsumedMaterialconsumed6000g,7144355Consumed,Material consumed,6000,g
7173982ConsumedMaterialconsumed10000g,7173982Consumed,Material consumed,10000,g
7261936ConsumedMaterialconsumed2833.332g,7261936Consumed,Material consumed,2833.332,g
7271463ConsumedMaterialconsumed11250g,7271463Consumed,Material consumed,11250,g
7126798ConsumedMaterialconsumed4000g,7126798Consumed,Material consumed,4000,g
7208369ConsumedMaterialconsumed6250g,7208369Consumed,Material consumed,6250,g
6645187ConsumedMaterialconsumed10000g,6645187Consumed,Material consumed,10000,g
6646606ConsumedMaterialconsumed6670g,6646606Consumed,Material consumed,6670,g
6687796ConsumedMaterialconsumed2000g,6687796Consumed,Material consumed,2000,g
6641745ConsumedMaterialconsumed6250g,6641745Consumed,Material consumed,6250,g
6664141ConsumedMaterialconsumed3466.668g,6664141Consumed,Material consumed,3466.668,g
6655711ConsumedMaterialconsumed4000g,6655711Consumed,Material consumed,4000,g
6653560ConsumedMaterialconsumed40000g,6653560Consumed,Material consumed,40000,g
6832166ConsumedMaterialconsumed2666.668g,6832166Consumed,Material consumed,2666.668,g
6832167ConsumedMaterialconsumed1333.332g,6832167Consumed,Material consumed,1333.332,g
6834773ConsumedMaterialconsumed4500g,6834773Consumed,Material consumed,4500,g
6834774ConsumedMaterialconsumed3500g,6834774Consumed,Material consumed,3500,g
6870788ConsumedMaterialconsumed2500g,6870788Consumed,Material consumed,2500,g
6665971ConsumedMaterialconsumed30000g,6665971Consumed,Material consumed,30000,g
6660800ConsumedMaterialconsumed2133.332g,6660800Consumed,Material consumed,2133.332,g
6655504ConsumedMaterialconsumed30000g,6655504Consumed,Material consumed,30000,g
7181138ConsumedMaterialconsumed10000g,7181138Consumed,Material consumed,10000,g
7155140ConsumedMaterialconsumed21249.99g,7155140Consumed,Material consumed,21249.99,g
7170035ConsumedMaterialconsumed8166.662g,7170035Consumed,Material consumed,8166.662,g
7125192ConsumedMaterialconsumed6000g,7125192Consumed,Material consumed,6000,g
7133301ConsumedMaterialconsumed10000g,7133301Consumed,Material consumed,10000,g
6668446ConsumedMaterialconsumed5778g,6668446Consumed,Material consumed,5778,g
6667526ConsumedMaterialconsumed6000g,6667526Consumed,Material consumed,6000,g
6629834ConsumedMaterialconsumed21249.99g,6629834Consumed,Material consumed,21249.99,g
7252526ConsumedMaterialconsumed5333.336g,7252526Consumed,Material consumed,5333.336,g
6646839ConsumedMaterialconsumed16250g,6646839Consumed,Material consumed,16250,g
6991684ConsumedMaterialconsumed8496g,6991684Consumed,Material consumed,8496,g
6627152ConsumedMaterialconsumed9244.448g,6627152Consumed,Material consumed,9244.448,g
6776657ConsumedMaterialconsumed10000g,6776657Consumed,Material consumed,10000,g
7251972ConsumedMaterialconsumed10000g,7251972Consumed,Material consumed,10000,g
7249856ConsumedMaterialconsumed4800g,7249856Consumed,Material consumed,4800,g
7244796ConsumedMaterialconsumed3000g,7244796Consumed,Material consumed,3000,g
6899933ConsumedMaterialconsumed10000g,6899933Consumed,Material consumed,10000,g
7202053ConsumedMaterialconsumed13750g,7202053Consumed,Material consumed,13750,g
7252550ConsumedMaterialconsumed4000g,7252550Consumed,Material consumed,4000,g
7118432ConsumedMaterialconsumed20000g,7118432Consumed,Material consumed,20000,g
7257562ConsumedMaterialconsumed16000g,7257562Consumed,Material consumed,16000,g
6641906ConsumedMaterialconsumed6000g,6641906Consumed,Material consumed,6000,g
6652349ConsumedMaterialconsumed20000g,6652349Consumed,Material consumed,20000,g
7252538ConsumedMaterialconsumed4667.2g,7252538Consumed,Material consumed,4667.2,g
6896901ConsumedMaterialconsumed12500g,6896901Consumed,Material consumed,12500,g
6896904ConsumedMaterialconsumed7500g,6896904Consumed,Material consumed,7500,g
6622501ConsumedMaterialconsumed20000g,6622501Consumed,Material consumed,20000,g
7169500ConsumedMaterialconsumed6041.67g,7169500Consumed,Material consumed,6041.67,g
7144935ConsumedMaterialconsumed2250g,7144935Consumed,Material consumed,2250,g
7140474ConsumedMaterialconsumed10000g,7140474Consumed,Material consumed,10000,g
7121879ConsumedMaterialconsumed6000g,7121879Consumed,Material consumed,6000,g
7155674ConsumedMaterialconsumed6250g,7155674Consumed,Material consumed,6250,g
6624155ConsumedMaterialconsumed6000g,6624155Consumed,Material consumed,6000,g
6921064ConsumedMaterialconsumed6250g,6921064Consumed,Material consumed,6250,g
6647735ConsumedMaterialconsumed18RL,6647735Consumed,Material consumed,18,RL
6661148ConsumedMaterialconsumed10000g,6661148Consumed,Material consumed,10000,g
6657818ConsumedMaterialconsumed4000.002g,6657818Consumed,Material consumed,4000.002,g
6654635ConsumedMaterialconsumed2000g,6654635Consumed,Material consumed,2000,g
6681367ConsumedMaterialconsumed3200.4g,6681367Consumed,Material consumed,3200.4,g
6783936ConsumedMaterialconsumed5833.33g,6783936Consumed,Material consumed,5833.33,g
6783937ConsumedMaterialconsumed4166.67g,6783937Consumed,Material consumed,4166.67,g
7252561ConsumedMaterialconsumed3750g,7252561Consumed,Material consumed,3750,g
6852423ConsumedMaterialconsumed20000g,6852423Consumed,Material consumed,20000,g
6842529ConsumedMaterialconsumed20000g,6842529Consumed,Material consumed,20000,g
7024047ConsumedMaterialconsumed3499.998g,7024047Consumed,Material consumed,3499.998,g
6689563ConsumedMaterialconsumed10000g,6689563Consumed,Material consumed,10000,g
6686259ConsumedMaterialconsumed14000g,6686259Consumed,Material consumed,14000,g
6756111ConsumedMaterialconsumed4666.664g,6756111Consumed,Material consumed,4666.664,g
7126998ConsumedMaterialconsumed8000g,7126998Consumed,Material consumed,8000,g
6960548ConsumedMaterialconsumed7083.33g,6960548Consumed,Material consumed,7083.33,g
6877037ConsumedMaterialconsumed7080g,6877037Consumed,Material consumed,7080,g
6974794ConsumedMaterialconsumed6041.67g,6974794Consumed,Material consumed,6041.67,g
6972027ConsumedMaterialconsumed20000g,6972027Consumed,Material consumed,20000,g
6906375ConsumedMaterialconsumed5625g,6906375Consumed,Material consumed,5625,g
6916367ConsumedMaterialconsumed16000g,6916367Consumed,Material consumed,16000,g
6948604ConsumedMaterialconsumed6250g,6948604Consumed,Material consumed,6250,g
7211462ConsumedMaterialconsumed4666.4g,7211462Consumed,Material consumed,4666.4,g
6826027ConsumedMaterialconsumed20000g,6826027Consumed,Material consumed,20000,g
6870008ConsumedMaterialconsumed20000g,6870008Consumed,Material consumed,20000,g
7171431ConsumedMaterialconsumed4000.002g,7171431Consumed,Material consumed,4000.002,g
7160060ConsumedMaterialconsumed6500.004g,7160060Consumed,Material consumed,6500.004,g
6853848ConsumedMaterialconsumed3499.998g,6853848Consumed,Material consumed,3499.998,g
6987535ConsumedMaterialconsumed2332g,6987535Consumed,Material consumed,2332,g
6962066ConsumedMaterialconsumed10000g,6962066Consumed,Material consumed,10000,g
6960900ConsumedMaterialconsumed30000g,6960900Consumed,Material consumed,30000,g
7048037ConsumedMaterialconsumed4248g,7048037Consumed,Material consumed,4248,g
6926022ConsumedMaterialconsumed14000g,6926022Consumed,Material consumed,14000,g
6980964ConsumedMaterialconsumed4333.336g,6980964Consumed,Material consumed,4333.336,g
6840278ConsumedMaterialconsumed3252g,6840278Consumed,Material consumed,3252,g
6840279ConsumedMaterialconsumed2748g,6840279Consumed,Material consumed,2748,g
6959060ConsumedMaterialconsumed3499.8g,6959060Consumed,Material consumed,3499.8,g
7235499ConsumedMaterialconsumed10000g,7235499Consumed,Material consumed,10000,g
7207198ConsumedMaterialconsumed9333.338g,7207198Consumed,Material consumed,9333.338,g
7090056ConsumedMaterialconsumed2833.332g,7090056Consumed,Material consumed,2833.332,g
7057159ConsumedMaterialconsumed10000g,7057159Consumed,Material consumed,10000,g
7222436ConsumedMaterialconsumed20000g,7222436Consumed,Material consumed,20000,g
7208234ConsumedMaterialconsumed20000g,7208234Consumed,Material consumed,20000,g
7203185ConsumedMaterialconsumed20000g,7203185Consumed,Material consumed,20000,g
7020015ConsumedMaterialconsumed6042g,7020015Consumed,Material consumed,6042,g
6936232ConsumedMaterialconsumed31625g,6936232Consumed,Material consumed,31625,g
7038114ConsumedMaterialconsumed1250g,7038114Consumed,Material consumed,1250,g
7038255ConsumedMaterialconsumed2500g,7038255Consumed,Material consumed,2500,g
6957361ConsumedMaterialconsumed18RL,6957361Consumed,Material consumed,18,RL
6943692ConsumedMaterialconsumed14000g,6943692Consumed,Material consumed,14000,g
6930431ConsumedMaterialconsumed20000g,6930431Consumed,Material consumed,20000,g
7252822ConsumedMaterialconsumed7083.33g,7252822Consumed,Material consumed,7083.33,g
7209160ConsumedMaterialconsumed3000g,7209160Consumed,Material consumed,3000,g
7196439ConsumedMaterialconsumed2000g,7196439Consumed,Material consumed,2000,g
7212028ConsumedMaterialconsumed6000g,7212028Consumed,Material consumed,6000,g
7045834ConsumedMaterialconsumed26000g,7045834Consumed,Material consumed,26000,g
6991971ConsumedMaterialconsumed2000g,6991971Consumed,Material consumed,2000,g
6861940ConsumedMaterialconsumed5833.33g,6861940Consumed,Material consumed,5833.33,g
6831567ConsumedMaterialconsumed6445g,6831567Consumed,Material consumed,6445,g
6831568ConsumedMaterialconsumed3555g,6831568Consumed,Material consumed,3555,g
6861941ConsumedMaterialconsumed4166.67g,6861941Consumed,Material consumed,4166.67,g
6854155ConsumedMaterialconsumed30000g,6854155Consumed,Material consumed,30000,g
6815437ConsumedMaterialconsumed6222.22g,6815437Consumed,Material consumed,6222.22,g
6815438ConsumedMaterialconsumed3777.78g,6815438Consumed,Material consumed,3777.78,g
6805460ConsumedMaterialconsumed2000g,6805460Consumed,Material consumed,2000,g
6830608ConsumedMaterialconsumed18000g,6830608Consumed,Material consumed,18000,g
6830609ConsumedMaterialconsumed6000g,6830609Consumed,Material consumed,6000,g
6867023ConsumedMaterialconsumed5416.67g,6867023Consumed,Material consumed,5416.67,g
6867024ConsumedMaterialconsumed4583.33g,6867024Consumed,Material consumed,4583.33,g
6937524ConsumedMaterialconsumed10000g,6937524Consumed,Material consumed,10000,g
6980401ConsumedMaterialconsumed2668g,6980401Consumed,Material consumed,2668,g
7115193ConsumedMaterialconsumed7875g,7115193Consumed,Material consumed,7875,g
6808601ConsumedMaterialconsumed10833.34g,6808601Consumed,Material consumed,10833.34,g
6808602ConsumedMaterialconsumed9166.66g,6808602Consumed,Material consumed,9166.66,g
7192793ConsumedMaterialconsumed6000g,7192793Consumed,Material consumed,6000,g
7182030ConsumedMaterialconsumed16000g,7182030Consumed,Material consumed,16000,g
6904272ConsumedMaterialconsumed6000g,6904272Consumed,Material consumed,6000,g
6904845ConsumedMaterialconsumed3750g,6904845Consumed,Material consumed,3750,g
7213445ConsumedMaterialconsumed10000g,7213445Consumed,Material consumed,10000,g
7180275ConsumedMaterialconsumed3499.8g,7180275Consumed,Material consumed,3499.8,g
6921014ConsumedMaterialconsumed4000g,6921014Consumed,Material consumed,4000,g
6974848ConsumedMaterialconsumed4666.664g,6974848Consumed,Material consumed,4666.664,g
7106013ConsumedMaterialconsumed5664g,7106013Consumed,Material consumed,5664,g
7094336ConsumedMaterialconsumed30000g,7094336Consumed,Material consumed,30000,g
7271181ConsumedMaterialconsumed10000g,7271181Consumed,Material consumed,10000,g
7203272ConsumedMaterialconsumed4666.664g,7203272Consumed,Material consumed,4666.664,g
6865368ConsumedMaterialconsumed3750g,6865368Consumed,Material consumed,3750,g
6865369ConsumedMaterialconsumed2250g,6865369Consumed,Material consumed,2250,g
7167653ConsumedMaterialconsumed30000g,7167653Consumed,Material consumed,30000,g
7271147ConsumedMaterialconsumed5833.33g,7271147Consumed,Material consumed,5833.33,g
7243785ConsumedMaterialconsumed2000g,7243785Consumed,Material consumed,2000,g
6931956ConsumedMaterialconsumed2000g,6931956Consumed,Material consumed,2000,g
7011829ConsumedMaterialconsumed14000g,7011829Consumed,Material consumed,14000,g
6937078ConsumedMaterialconsumed3499.998g,6937078Consumed,Material consumed,3499.998,g
6968477ConsumedMaterialconsumed6250g,6968477Consumed,Material consumed,6250,g
7182071ConsumedMaterialconsumed13750g,7182071Consumed,Material consumed,13750,g
6894920ConsumedMaterialconsumed9333.328g,6894920Consumed,Material consumed,9333.328,g
6958199ConsumedMaterialconsumed8750g,6958199Consumed,Material consumed,8750,g
7051201ConsumedMaterialconsumed6666.67g,7051201Consumed,Material consumed,6666.67,g
6979968ConsumedMaterialconsumed7083.33g,6979968Consumed,Material consumed,7083.33,g
7239100ConsumedMaterialconsumed6445g,7239100Consumed,Material consumed,6445,g
6896610ConsumedMaterialconsumed6000g,6896610Consumed,Material consumed,6000,g
7074302ConsumedMaterialconsumed18666.676g,7074302Consumed,Material consumed,18666.676,g
7249411ConsumedMaterialconsumed23333.32g,7249411Consumed,Material consumed,23333.32,g
7253060ConsumedMaterialconsumed15022.228g,7253060Consumed,Material consumed,15022.228,g
6961333ConsumedMaterialconsumed8166.662g,6961333Consumed,Material consumed,8166.662,g
6934110ConsumedMaterialconsumed3625.002g,6934110Consumed,Material consumed,3625.002,g
6950346ConsumedMaterialconsumed24072g,6950346Consumed,Material consumed,24072,g
6950397ConsumedMaterialconsumed2000g,6950397Consumed,Material consumed,2000,g
6896443ConsumedMaterialconsumed4000g,6896443Consumed,Material consumed,4000,g
6917137ConsumedMaterialconsumed6000g,6917137Consumed,Material consumed,6000,g
6911799ConsumedMaterialconsumed4500g,6911799Consumed,Material consumed,4500,g
7210717ConsumedMaterialconsumed8666.672g,7210717Consumed,Material consumed,8666.672,g
7183721ConsumedMaterialconsumed20000g,7183721Consumed,Material consumed,20000,g
7216285ConsumedMaterialconsumed26000g,7216285Consumed,Material consumed,26000,g
6968033ConsumedMaterialconsumed20000g,6968033Consumed,Material consumed,20000,g
6963879ConsumedMaterialconsumed5416.67g,6963879Consumed,Material consumed,5416.67,g
6971940ConsumedMaterialconsumed4002g,6971940Consumed,Material consumed,4002,g
6945432ConsumedMaterialconsumed6000g,6945432Consumed,Material consumed,6000,g
6952917ConsumedMaterialconsumed10000g,6952917Consumed,Material consumed,10000,g
6964407ConsumedMaterialconsumed4000.2g,6964407Consumed,Material consumed,4000.2,g
7070320ConsumedMaterialconsumed10000g,7070320Consumed,Material consumed,10000,g
7021595ConsumedMaterialconsumed4000.2g,7021595Consumed,Material consumed,4000.2,g
6960530ConsumedMaterialconsumed36000g,6960530Consumed,Material consumed,36000,g
6958179ConsumedMaterialconsumed6666.67g,6958179Consumed,Material consumed,6666.67,g
7089683ConsumedMaterialconsumed7500g,7089683Consumed,Material consumed,7500,g
6931816ConsumedMaterialconsumed2500g,6931816Consumed,Material consumed,2500,g
6775982ConsumedMaterialconsumed20000g,6775982Consumed,Material consumed,20000,g
6766037ConsumedMaterialconsumed2500g,6766037Consumed,Material consumed,2500,g
6766038ConsumedMaterialconsumed1500g,6766038Consumed,Material consumed,1500,g
6772249ConsumedMaterialconsumed11250g,6772249Consumed,Material consumed,11250,g
6777719ConsumedMaterialconsumed20000g,6777719Consumed,Material consumed,20000,g
6740637ConsumedMaterialconsumed6999.996g,6740637Consumed,Material consumed,6999.996,g
6742687ConsumedMaterialconsumed3625.2g,6742687Consumed,Material consumed,3625.2,g
7256333ConsumedMaterialconsumed10000g,7256333Consumed,Material consumed,10000,g
6858823ConsumedMaterialconsumed2833.332g,6858823Consumed,Material consumed,2833.332,g
6754054ConsumedMaterialconsumed6500.004g,6754054Consumed,Material consumed,6500.004,g
6762614ConsumedMaterialconsumed3000g,6762614Consumed,Material consumed,3000,g
6788619ConsumedMaterialconsumed4000g,6788619Consumed,Material consumed,4000,g
6741730ConsumedMaterialconsumed7500g,6741730Consumed,Material consumed,7500,g
6836521ConsumedMaterialconsumed3250.002g,6836521Consumed,Material consumed,3250.002,g
6836522ConsumedMaterialconsumed2749.998g,6836522Consumed,Material consumed,2749.998,g
6815427ConsumedMaterialconsumed2000g,6815427Consumed,Material consumed,2000,g
7150726ConsumedMaterialconsumed10000g,7150726Consumed,Material consumed,10000,g
6765373ConsumedMaterialconsumed11666.66g,6765373Consumed,Material consumed,11666.66,g
6755306ConsumedMaterialconsumed2000g,6755306Consumed,Material consumed,2000,g
6767731ConsumedMaterialconsumed18RL,6767731Consumed,Material consumed,18,RL
6754902ConsumedMaterialconsumed13333.34g,6754902Consumed,Material consumed,13333.34,g
6884536ConsumedMaterialconsumed20000g,6884536Consumed,Material consumed,20000,g
6772934ConsumedMaterialconsumed12083.34g,6772934Consumed,Material consumed,12083.34,g
6757675ConsumedMaterialconsumed10000g,6757675Consumed,Material consumed,10000,g
6747679ConsumedMaterialconsumed13750g,6747679Consumed,Material consumed,13750,g
6997558ConsumedMaterialconsumed10833.34g,6997558Consumed,Material consumed,10833.34,g
7039183ConsumedMaterialconsumed8750g,7039183Consumed,Material consumed,8750,g
7046503ConsumedMaterialconsumed4666.664g,7046503Consumed,Material consumed,4666.664,g
7013625ConsumedMaterialconsumed6250g,7013625Consumed,Material consumed,6250,g
7074374ConsumedMaterialconsumed3750g,7074374Consumed,Material consumed,3750,g
7019773ConsumedMaterialconsumed24000g,7019773Consumed,Material consumed,24000,g
6991175ConsumedMaterialconsumed13750g,6991175Consumed,Material consumed,13750,g
7028790ConsumedMaterialconsumed10000g,7028790Consumed,Material consumed,10000,g
7022436ConsumedMaterialconsumed18666.676g,7022436Consumed,Material consumed,18666.676,g
7256378ConsumedMaterialconsumed26000g,7256378Consumed,Material consumed,26000,g
7068385ConsumedMaterialconsumed24000g,7068385Consumed,Material consumed,24000,g
7122749ConsumedMaterialconsumed40000g,7122749Consumed,Material consumed,40000,g
7006942ConsumedMaterialconsumed2418.8g,7006942Consumed,Material consumed,2418.8,g
7061463ConsumedMaterialconsumed3628.2g,7061463Consumed,Material consumed,3628.2,g
7115170ConsumedMaterialconsumed20000g,7115170Consumed,Material consumed,20000,g
7147190ConsumedMaterialconsumed6000g,7147190Consumed,Material consumed,6000,g
7167936ConsumedMaterialconsumed26000g,7167936Consumed,Material consumed,26000,g
7178981ConsumedMaterialconsumed2832g,7178981Consumed,Material consumed,2832,g
7233924ConsumedMaterialconsumed5000g,7233924Consumed,Material consumed,5000,g
7241648ConsumedMaterialconsumed10000g,7241648Consumed,Material consumed,10000,g
7263727ConsumedMaterialconsumed18573g,7263727Consumed,Material consumed,18573,g
7057401ConsumedMaterialconsumed7555.56g,7057401Consumed,Material consumed,7555.56,g
7052080ConsumedMaterialconsumed14000g,7052080Consumed,Material consumed,14000,g
7047096ConsumedMaterialconsumed4248g,7047096Consumed,Material consumed,4248,g
7044628ConsumedMaterialconsumed6500.004g,7044628Consumed,Material consumed,6500.004,g
7037866ConsumedMaterialconsumed30000g,7037866Consumed,Material consumed,30000,g
7035461ConsumedMaterialconsumed2723.404g,7035461Consumed,Material consumed,2723.404,g
7271693ConsumedMaterialconsumed30000g,7271693Consumed,Material consumed,30000,g
7271135ConsumedMaterialconsumed3625.002g,7271135Consumed,Material consumed,3625.002,g
7256424ConsumedMaterialconsumed20000g,7256424Consumed,Material consumed,20000,g
7256434ConsumedMaterialconsumed8000g,7256434Consumed,Material consumed,8000,g
7075997ConsumedMaterialconsumed40000g,7075997Consumed,Material consumed,40000,g
7195966ConsumedMaterialconsumed4002g,7195966Consumed,Material consumed,4002,g
7007054ConsumedMaterialconsumed6042g,7007054Consumed,Material consumed,6042,g
7130403ConsumedMaterialconsumed15000g,7130403Consumed,Material consumed,15000,g
7271123ConsumedMaterialconsumed13750g,7271123Consumed,Material consumed,13750,g
7206161ConsumedMaterialconsumed10000g,7206161Consumed,Material consumed,10000,g
7175543ConsumedMaterialconsumed3750g,7175543Consumed,Material consumed,3750,g
7268951ConsumedMaterialconsumed7083.33g,7268951Consumed,Material consumed,7083.33,g
6975475ConsumedMaterialconsumed6250g,6975475Consumed,Material consumed,6250,g
7055813ConsumedMaterialconsumed5000g,7055813Consumed,Material consumed,5000,g
7091913ConsumedMaterialconsumed2416.668g,7091913Consumed,Material consumed,2416.668,g
6986022ConsumedMaterialconsumed7583.338g,6986022Consumed,Material consumed,7583.338,g
7073277ConsumedMaterialconsumed4666.4g,7073277Consumed,Material consumed,4666.4,g
7177524ConsumedMaterialconsumed17500g,7177524Consumed,Material consumed,17500,g
6987249ConsumedMaterialconsumed5000g,6987249Consumed,Material consumed,5000,g
7186188ConsumedMaterialconsumed14000g,7186188Consumed,Material consumed,14000,g
7190850ConsumedMaterialconsumed6000g,7190850Consumed,Material consumed,6000,g
7193320ConsumedMaterialconsumed5000g,7193320Consumed,Material consumed,5000,g
7017234ConsumedMaterialconsumed7083.33g,7017234Consumed,Material consumed,7083.33,g
7068539ConsumedMaterialconsumed20000g,7068539Consumed,Material consumed,20000,g
7027556ConsumedMaterialconsumed1416.666g,7027556Consumed,Material consumed,1416.666,g
7058344ConsumedMaterialconsumed20000g,7058344Consumed,Material consumed,20000,g
7118364ConsumedMaterialconsumed9900g,7118364Consumed,Material consumed,9900,g
7092808ConsumedMaterialconsumed8000g,7092808Consumed,Material consumed,8000,g
7046893ConsumedMaterialconsumed20000g,7046893Consumed,Material consumed,20000,g
7023877ConsumedMaterialconsumed10000g,7023877Consumed,Material consumed,10000,g
7037701ConsumedMaterialconsumed5666.664g,7037701Consumed,Material consumed,5666.664,g
7141033ConsumedMaterialconsumed2418.8g,7141033Consumed,Material consumed,2418.8,g
7012306ConsumedMaterialconsumed20000g,7012306Consumed,Material consumed,20000,g
7003136ConsumedMaterialconsumed5666.664g,7003136Consumed,Material consumed,5666.664,g
7005437ConsumedMaterialconsumed4000g,7005437Consumed,Material consumed,4000,g
7236120ConsumedMaterialconsumed12500g,7236120Consumed,Material consumed,12500,g
7252648ConsumedMaterialconsumed10000g,7252648Consumed,Material consumed,10000,g
7259370ConsumedMaterialconsumed5666.664g,7259370Consumed,Material consumed,5666.664,g
7189739ConsumedMaterialconsumed10000g,7189739Consumed,Material consumed,10000,g
7140576ConsumedMaterialconsumed18000g,7140576Consumed,Material consumed,18000,g
7063235ConsumedMaterialconsumed11333.328g,7063235Consumed,Material consumed,11333.328,g
7137375ConsumedMaterialconsumed14000g,7137375Consumed,Material consumed,14000,g
7033173ConsumedMaterialconsumed12500g,7033173Consumed,Material consumed,12500,g
7122942ConsumedMaterialconsumed6000g,7122942Consumed,Material consumed,6000,g
7270984ConsumedMaterialconsumed30000g,7270984Consumed,Material consumed,30000,g
7251128ConsumedMaterialconsumed18RL,7251128Consumed,Material consumed,18,RL
7254362ConsumedMaterialconsumed10000g,7254362Consumed,Material consumed,10000,g
7082290ConsumedMaterialconsumed4000.2g,7082290Consumed,Material consumed,4000.2,g
7002428ConsumedMaterialconsumed20000g,7002428Consumed,Material consumed,20000,g
7027010ConsumedMaterialconsumed8166.662g,7027010Consumed,Material consumed,8166.662,g
7017000ConsumedMaterialconsumed7740g,7017000Consumed,Material consumed,7740,g
7196330ConsumedMaterialconsumed27000g,7196330Consumed,Material consumed,27000,g
7033359ConsumedMaterialconsumed2500g,7033359Consumed,Material consumed,2500,g
7021605ConsumedMaterialconsumed4622.224g,7021605Consumed,Material consumed,4622.224,g
7015136ConsumedMaterialconsumed4667.2g,7015136Consumed,Material consumed,4667.2,g
7015006ConsumedMaterialconsumed8000g,7015006Consumed,Material consumed,8000,g
7139406ConsumedMaterialconsumed30000g,7139406Consumed,Material consumed,30000,g
7099732ConsumedMaterialconsumed9333.328g,7099732Consumed,Material consumed,9333.328,g
7159928ConsumedMaterialconsumed20000g,7159928Consumed,Material consumed,20000,g
7202659ConsumedMaterialconsumed20000g,7202659Consumed,Material consumed,20000,g
7191584ConsumedMaterialconsumed8000g,7191584Consumed,Material consumed,8000,g
7110722ConsumedMaterialconsumed4833.336g,7110722Consumed,Material consumed,4833.336,g
7134315ConsumedMaterialconsumed13500g,7134315Consumed,Material consumed,13500,g
7034404ConsumedMaterialconsumed12000.006g,7034404Consumed,Material consumed,12000.006,g
7035222ConsumedMaterialconsumed21249.99g,7035222Consumed,Material consumed,21249.99,g
6986492ConsumedMaterialconsumed20000g,6986492Consumed,Material consumed,20000,g
6993777ConsumedMaterialconsumed6504g,6993777Consumed,Material consumed,6504,g
7215322ConsumedMaterialconsumed5833.33g,7215322Consumed,Material consumed,5833.33,g
7256651ConsumedMaterialconsumed7500g,7256651Consumed,Material consumed,7500,g
7252371ConsumedMaterialconsumed4333.336g,7252371Consumed,Material consumed,4333.336,g
7252383ConsumedMaterialconsumed4249.998g,7252383Consumed,Material consumed,4249.998,g
7101040ConsumedMaterialconsumed3499.998g,7101040Consumed,Material consumed,3499.998,g
7095132ConsumedMaterialconsumed9066.6624g,7095132Consumed,Material consumed,9066.6624,g
7083002ConsumedMaterialconsumed2500g,7083002Consumed,Material consumed,2500,g
7099673ConsumedMaterialconsumed8166.662g,7099673Consumed,Material consumed,8166.662,g
7152477ConsumedMaterialconsumed3250.002g,7152477Consumed,Material consumed,3250.002,g
7129150ConsumedMaterialconsumed6000g,7129150Consumed,Material consumed,6000,g
7124149ConsumedMaterialconsumed2666.4g,7124149Consumed,Material consumed,2666.4,g
7271170ConsumedMaterialconsumed3499.998g,7271170Consumed,Material consumed,3499.998,g
7271171ConsumedMaterialconsumed2500.002g,7271171Consumed,Material consumed,2500.002,g
7256662ConsumedMaterialconsumed4333.336g,7256662Consumed,Material consumed,4333.336,g
7257479ConsumedMaterialconsumed10499.994g,7257479Consumed,Material consumed,10499.994,g
7256684ConsumedMaterialconsumed5332.8g,7256684Consumed,Material consumed,5332.8,g
7256685ConsumedMaterialconsumed2667.2g,7256685Consumed,Material consumed,2667.2,g
7256695ConsumedMaterialconsumed20000g,7256695Consumed,Material consumed,20000,g
7271159ConsumedMaterialconsumed8166.662g,7271159Consumed,Material consumed,8166.662,g
7256705ConsumedMaterialconsumed10000g,7256705Consumed,Material consumed,10000,g
7237965ConsumedMaterialconsumed8000g,7237965Consumed,Material consumed,8000,g
7216222ConsumedMaterialconsumed3750g,7216222Consumed,Material consumed,3750,g
7223321ConsumedMaterialconsumed20000g,7223321Consumed,Material consumed,20000,g
7231862ConsumedMaterialconsumed14160g,7231862Consumed,Material consumed,14160,g
7270178ConsumedMaterialconsumed20000g,7270178Consumed,Material consumed,20000,g
7233167ConsumedMaterialconsumed15111.12g,7233167Consumed,Material consumed,15111.12,g
7250339ConsumedMaterialconsumed5000g,7250339Consumed,Material consumed,5000,g
